encoding,a_um,t_tot_us,skill_inf,skill_500_median,skill_500_min,skill_500_max,ci_lo,ci_hi,diff_vs_lin,diff_lo,diff_hi,seed_min,seed_max,beats_classical,beats_classical_robust,frac_reps_robust,gain_vs_symmetric_median,gain_min,gain_max,gain_inf
symmetric,10.0,1.0,0.7052555318330114,0.6963083054544694,0.6808326937998216,0.7045322691774745,0.6599132159793412,0.7275885029397015,-0.01787248101319827,-0.04434807491300137,0.006648391472290861,0.6396705535584553,0.7312409072805042,False,False,0.0,,,,
sign-definite,10.0,1.0,0.7505369366873207,0.7485911100805018,0.7346293550131349,0.7595412725789299,0.7095711747461878,0.7875641739831666,0.0355828279815682,0.0011267897616016294,0.06634008585934066,0.7070318203211909,0.7921922216348839,False,False,0.0,0.05337771061317648,0.037656607045914114,0.06948316004896882,0.045281404854309315
symmetric,10.0,1.5,-0.18675696292727717,-0.0952861112515091,-0.2915218775367008,-0.04443381020770287,-0.3222120359933009,0.0958569379624983,-0.807717557166985,-1.037096503120831,-0.6173342041940447,-0.4022823117265739,0.022909928312243255,False,False,0.0,,,,
sign-definite,10.0,1.5,0.002417760652069556,-0.09969268176353097,-0.2606881936005079,-0.002319817636266208,-0.336686679129499,0.10945693895004462,-0.8103524494030796,-1.0460527904116608,-0.6091876769840207,-0.8014412262423218,0.2310428652121237,False,False,0.0,-0.01332288410262994,-0.16720136565026666,0.24247017165653362,0.18917472357934673
symmetric,10.0,2.0,0.6452066109212826,0.672611606184813,0.6021237045527581,0.7188338139275656,0.607544197122005,0.731380589653793,-0.04011933261696554,-0.10461618122143837,0.015290222270165327,0.4813778925085451,0.7853069401921174,False,False,0.0,,,,
sign-definite,10.0,2.0,0.012423302763428623,0.02019428907147064,-0.05855582509122037,0.07381133789248329,-0.09061853729087538,0.13972631518777937,-0.6857996167692554,-0.8226007696477863,-0.5562109966216969,-0.10182124452488028,0.12158182267061945,False,False,0.0,-0.6544265217895072,-0.7318000770812108,-0.5628483511159463,-0.632783308157854
symmetric,10.0,2.5,-0.48560819568537994,-0.052071776989261576,-0.32383168064944345,0.09355028100822782,-0.21310875785443767,0.11236582114121227,-0.7562176010878872,-0.9240327028575289,-0.6001974922899724,-0.45974457160114546,0.20670809940851342,False,False,0.0,,,,
sign-definite,10.0,2.5,0.1468115088474582,0.17265605136068402,0.1354495515445825,0.20809440402040957,0.05251594373272507,0.2914701598910988,-0.5384313695973109,-0.6650510591046926,-0.42526294841390727,0.08702790691208528,0.24295741264942605,False,False,0.0,0.2340841175666376,0.04189927053635467,0.4840312878013666,0.6324197045328381
symmetric,10.0,3.0,0.13874607440708042,0.12026211285686728,0.07527980257381583,0.14741461080999319,0.05337813009076342,0.19842182698490965,-0.5873191898481979,-0.6619259528876155,-0.5183869744837373,0.05267528315921777,0.1942434486818757,False,False,0.0,,,,
sign-definite,10.0,3.0,-0.7571254141992001,-0.6823385272976883,-0.8154883602538887,-0.5650711274573852,-0.9128829128517115,-0.44611535770225863,-1.3834393868076582,-1.611869420708835,-1.1740607797242595,-1.2294740545135552,-0.1503542600063672,False,False,0.0,-0.8200812721952475,-0.9181958453955603,-0.6616649897373902,-0.8958714886062805
symmetric,30.0,1.0,-0.61727943159014,-0.635363286939654,-0.8472901822989805,-0.5931598043184287,-0.6769489359528164,-0.5838486202477784,-1.3421644061286822,-1.3967528997518304,-1.2883783481530435,-0.7960187739559306,-0.5362050394963245,False,False,0.0,,,,
sign-definite,30.0,1.0,0.7476969949131722,0.7435751615864356,0.7251275951033918,0.7574447446482606,0.7017266478247213,0.7845533739053347,0.03141171154950473,0.01014353901443798,0.050971612985344396,0.7147367953866895,0.7812825637309545,False,False,0.0,1.3781518104181105,1.3315320603336684,1.5772326121548625,1.3649764265033122
symmetric,30.0,1.5,-0.6763025534133629,-0.6667314859510922,-0.7853765103190755,-0.6417878715093686,-0.716224421182893,-0.6180098960392014,-1.3788474705424802,-1.4371972890236273,-1.3219548615836292,-0.8208451835654698,-0.5866207659129417,False,False,0.0,,,,
sign-definite,30.0,1.5,0.17299548324344094,0.16079776016982028,0.14520103505539328,0.18236940897458354,0.05679522448563367,0.2551520462294018,-0.5526607067814824,-0.6377989716434161,-0.47308425989736713,0.0793128367417888,0.31180926255238595,False,False,0.0,0.8197825500480003,0.8058134843907374,0.9454020082234547,0.8492980366568038
symmetric,30.0,2.0,-0.7640119390503877,-0.7881049665308599,-1.150746877128137,-0.7380750781903369,-0.8303110139954427,-0.7256425497695786,-1.4922794256072898,-1.5539144983324975,-1.4308102957180722,-0.9302038651509199,-0.5918467741212325,False,False,0.0,,,,
sign-definite,30.0,2.0,0.23148248275624195,0.2550160400950523,0.11511188354118562,0.2908730228169485,0.12272208438383524,0.3623282247739685,-0.4584109905922926,-0.592541752902096,-0.34330524515798627,-0.07771811598722467,0.4482794067435014,False,False,0.0,1.0423798041950685,0.9132731202123595,1.4065666157525882,0.9954944218066296
symmetric,30.0,2.5,-0.7816367893240166,-0.7809590367287894,-0.9995513007064456,-0.7696693016150298,-0.8302564885455168,-0.7304309531173809,-1.4930890113367417,-1.5546130699441738,-1.4322369104927766,-0.8557264081446865,-0.7040756706077267,False,False,0.0,,,,
sign-definite,30.0,2.5,0.7058744437993556,0.699450436864454,0.6924418952454641,0.7095528713509003,0.6446348808563809,0.7496501959315895,-0.014191903979856146,-0.07644788274399436,0.04553378179775826,0.6448761714079252,0.764700670105047,False,False,0.0,1.4808031178706957,1.4689376960798097,1.6977211208373346,1.4875112331233722
symmetric,30.0,3.0,-0.7804168214841349,-0.7837759885134634,-0.8129200442921511,-0.772583116979342,-0.8301941746380884,-0.735316250255809,-1.4961699963745625,-1.5560706869707128,-1.4358183761097774,-0.8320816073781927,-0.7030525612470604,False,False,0.0,,,,
sign-definite,30.0,3.0,0.1700613365511937,0.1679356559188359,0.16168508306881013,0.18089411077463513,0.07275126450457639,0.25356005795638276,-0.5460739171698492,-0.6264207429764478,-0.47504521421240414,0.10533821341608696,0.22284958469304306,False,False,0.0,0.9562806850401293,0.9391463586481547,0.9806345440829284,0.9504781580353286
