model,t_tot_us,skill,ci_lo,ci_hi
"NG-RC deg 2, fixed alpha=1e-4",,-8.912437532265152,-12.190342323932963,-6.203829739699231
"NG-RC deg 2, CV",,0.4054778302563944,0.3014334616664688,0.4971728958122394
"linear ridge, CV",,0.7057711036127833,0.6533204359538065,0.755053375600362
"QRC readout, fixed alpha=1e-4",1.0,0.5610788896443784,0.4745990005857969,0.6321829965768173
"QRC readout, CV",1.0,0.6914327068849362,0.6283534145760623,0.7438429731790392
"QRC readout, fixed alpha=1e-4",1.5,-0.5967404522481381,-1.1184397106019295,-0.14304166628454384
"QRC readout, CV",1.5,-0.03533468012302232,-0.27974411992085146,0.17738678455532383
"QRC readout, fixed alpha=1e-4",2.0,0.4960292834595724,0.3444672175383579,0.6114203777301951
"QRC readout, CV",2.0,0.6653029199514218,0.5594828887269286,0.7507491772059418
"QRC readout, fixed alpha=1e-4",2.5,-0.288107735202759,-0.578547511537302,-0.04590538513171001
"QRC readout, CV",2.5,0.09676704236855194,-0.10831121026190493,0.2725038217395735
"QRC readout, fixed alpha=1e-4",3.0,-0.6394414934349357,-1.0068098574297446,-0.32577521859608877
"QRC readout, CV",3.0,0.08377411301671156,-0.01994849778176425,0.1808775735153604
