state,horizon,skill_qrc,skill_lin,share_of_persistence_mse
alpha,pooled,0.43525564875775646,0.7409537766896652,0.08768863306561102
alpha,1tau_c,-0.15072581033057797,0.5674859703863531,0.16998229891210603
alpha,2tau_c,0.4490539594385552,0.7610046588129682,0.10857639478421638
alpha,3tau_c,0.7248704043497525,0.8100048685564961,0.06038292798928895
alpha_dot,pooled,0.45010163715724594,0.6664859324816192,0.0020136054330791246
alpha_dot,1tau_c,0.5562864944444957,0.7802346399067172,0.00537152533933512
alpha_dot,2tau_c,0.6072977453804713,0.7661872335228412,0.002675695293292749
alpha_dot,3tau_c,0.10400024560966736,0.40148661983546097,0.001009958419499908
xi,pooled,0.7256425965924365,0.7113484783934518,0.9055198170169895
xi,1tau_c,0.7895767066764219,0.9505626896495122,0.8196883144957117
xi,2tau_c,0.7840325066105233,0.8078485680055988,0.8837526086511758
xi,3tau_c,0.6831947364568307,0.6195931393872034,0.93398863900446
xi_dot,pooled,0.4731240912638778,0.7901560391808811,0.00477794448432023
xi_dot,1tau_c,0.4317038552224636,0.7450966209181926,0.004957861252847036
xi_dot,2tau_c,0.38573089924029824,0.7096389398597283,0.004995301271315249
xi_dot,3tau_c,0.5362484791183066,0.8496786187090014,0.004618474586751077
