encoding,a_um,t_tot_us,skill_inf,skill_500_median,ci_lo,ci_hi,seed_min
symmetric,10.0,1.0,0.7052555318330114,0.6963083054544694,0.6599132159793412,0.7275885029397015,0.6396705535584553
sign-definite,10.0,1.0,0.7505369366873207,0.7485911100805018,0.7095711747461878,0.7875641739831666,0.7070318203211909
symmetric,10.0,1.5,-0.1867569629272771,-0.0952861112515091,-0.3222120359933009,0.0958569379624983,-0.4022823117265739
sign-definite,10.0,1.5,0.0024177606520695,-0.0996926817635309,-0.336686679129499,0.1094569389500446,-0.8014412262423218
symmetric,10.0,2.0,0.6452066109212826,0.672611606184813,0.607544197122005,0.731380589653793,0.4813778925085451
sign-definite,10.0,2.0,0.0124233027634286,0.0201942890714706,-0.0906185372908753,0.1397263151877793,-0.1018212445248802
symmetric,10.0,2.5,-0.4856081956853799,-0.0520717769892615,-0.2131087578544376,0.1123658211412122,-0.4597445716011454
sign-definite,10.0,2.5,0.1468115088474582,0.172656051360684,0.052515943732725,0.2914701598910988,0.0870279069120852
symmetric,10.0,3.0,0.1387460744070804,0.1202621128568672,0.0533781300907634,0.1984218269849096,0.0526752831592177
sign-definite,10.0,3.0,-0.7571254141992001,-0.6823385272976883,-0.9128829128517116,-0.4461153577022586,-1.2294740545135552
symmetric,30.0,1.0,-0.61727943159014,-0.635363286939654,-0.6769489359528164,-0.5838486202477784,-0.7960187739559306
sign-definite,30.0,1.0,0.7476969949131722,0.7435751615864356,0.7017266478247213,0.7845533739053347,0.7147367953866895
symmetric,30.0,1.5,-0.6763025534133629,-0.6667314859510922,-0.716224421182893,-0.6180098960392014,-0.8208451835654698
sign-definite,30.0,1.5,0.1729954832434409,0.1607977601698202,0.0567952244856336,0.2551520462294018,0.0793128367417888
symmetric,30.0,2.0,-0.7640119390503877,-0.7881049665308599,-0.8303110139954427,-0.7256425497695786,-0.93020386515092
sign-definite,30.0,2.0,0.2314824827562419,0.2550160400950523,0.1227220843838352,0.3623282247739685,-0.0777181159872246
symmetric,30.0,2.5,-0.7816367893240166,-0.7809590367287894,-0.8302564885455168,-0.7304309531173809,-0.8557264081446865
sign-definite,30.0,2.5,0.7058744437993556,0.699450436864454,0.6446348808563809,0.7496501959315895,0.6448761714079252
symmetric,30.0,3.0,-0.7804168214841349,-0.7837759885134634,-0.8301941746380884,-0.735316250255809,-0.8320816073781927
sign-definite,30.0,3.0,0.1700613365511937,0.1679356559188359,0.0727512645045763,0.2535600579563827,0.1053382134160869
