t_us,symmetric|V=0.00|sign,symmetric|V=0.00|parity,symmetric|V=5.42|sign,symmetric|V=5.42|parity,sign-definite|V=0.00|sign,sign-definite|V=0.00|parity,sign-definite|V=5.42|sign,sign-definite|V=5.42|parity
0.02,0.07823457055136154,0.9680818219500076,0.07957760976118217,0.9679734503005554,0.9747022540548779,0.21973255097291164,0.974811996285919,0.21926979250335754
0.025,0.07823255940716241,0.9680901964063798,0.08031853180683388,0.9678776781911455,0.9747365491129371,0.21959027713005635,0.9749075411679597,0.21886822317432136
0.03,0.07823010034297853,0.9681004331734725,0.08121167759392445,0.9677187744815654,0.9747784489717242,0.21941627763336385,0.9750238371798334,0.2183782789339016
0.035,0.07822719275811499,0.9681125330443632,0.08224937989136238,0.9674721479029543,0.9748279437808406,0.2192104867917754,0.9751606016945045,0.21780046209401188
0.04,0.07822383594132523,0.9681264969572818,0.08342241229976799,0.9671092478742611,0.9748850218473931,0.21897282683886296,0.9753175059683279,0.21713535268874462
0.045,0.07822002907083168,0.9681423259959783,0.08735398299458216,0.9665978651315827,0.9749496696100524,0.218703207866507,0.9754941775552284,0.2163836020335428
0.05,0.07821577121346023,0.9681600213902126,0.09205608563646099,0.9659025087849629,0.9750218716089154,0.21840152774825122,0.975690202932888,0.2155459255598557
0.055,0.07821106132383221,0.968179584516316,0.09718610206099543,0.9649848683334663,0.975101610451119,0.21806767205208932,0.9759051302823998,0.21462309502794147
0.06,0.0782058982435743,0.968201016897844,0.10633662241683275,0.963804367235254,0.9751888667721518,0.21770151394236364,0.9761384723610449,0.21361593022652253
0.065,0.07820028070057518,0.9682243202063014,0.11660359193695151,0.9623188115323417,0.975283619192716,0.21730291407091656,0.9763897094076941,0.21252529027221895
0.07,0.07819420730787402,0.9682494962618711,0.1297700871396618,0.9604851327341934,0.9753858442710899,0.21687172045698927,0.9766582920217752,0.21135206462369377
0.075,0.07818767656271677,0.9682765470343326,0.1438148137451854,0.9582602187386079,0.9754955164508118,0.21640776835594225,0.9769436439598637,0.21009716392497554
0.08,0.07818068684534621,0.9683054746439106,0.15858733382862658,0.9556018202121415,0.9756126080035973,0.2159108801164058,0.9772451647982715,0.2087615107903852
0.085,0.07817323641774729,0.9683362813623112,0.17583158688450984,0.9524695129221179,0.9757370889673282,0.215380865025679,0.9775622324157007,0.20734603063896778
0.09,0.07816532342231033,0.9683689696137698,0.19481523060288014,0.9488256895191143,0.9758689270789537,0.21481751914310765,0.9778942052565309,0.2058516426806295
0.095,0.07815694588040839,0.9684035419761879,0.2144755603877297,0.9446365478625532,0.9760080877021317,0.21422062512116471,0.9782404243426266,0.20427925114854623
0.1,0.07814810169084146,0.9684400011823467,0.2347311586493805,0.9398730378979484,0.9761545337494386,0.21358995201388153,0.9786002150092835,0.20262973686387128
0.105,0.07813878862817697,0.9684783501211881,0.2554959558985771,0.9345117260745412,0.9763082255989184,0.2129252550723732,0.9789728883488795,0.2009039492090657
0.11,0.07812900434103101,0.9685185918391852,0.27668020664400983,0.9285355359828511,0.9764691210047813,0.21222627552701503,0.9793577423537144,0.19910269857586788
0.115,0.07811874635013864,0.9685607295417702,0.29819163280888006,0.9219343267316996,0.9766371750019947,0.21149274035595741,0.9797540627571817,0.19722674934308865
0.12,0.07810801204646037,0.9686047665948587,0.3199366968748527,0.9147052767035229,0.9768123398045288,0.2107243620395292,0.9801611235795936,0.19527681342847206
0.125,0.07809679868903094,0.9686507065264398,0.34182195725625003,0.9068530494788676,0.9769945646969768,0.20992083830009373,0.9805781873915274,0.1932535444479315
0.13,0.07808510340275551,0.9686985530282631,0.3637554516997273,0.8983897302694037,0.9771837959192599,0.2090818518269154,0.9810045053133372,0.1911575325047053
0.135,0.07807292317610981,0.9687483099575828,0.385648051599743,0.8893345341663608,0.9773799765441047,0.2082070699855002,0.9814393167743116,0.1889892996208196
0.14,0.07806025485863072,0.9687999813390107,0.40741473142368245,0.8797133006952548,0.9775830463469557,0.20729614451090872,0.9818818490588738,0.18674929581343128
0.145,0.07804709515835301,0.9688535713664345,0.4289757028870202,0.8695578012986018,0.9777929416679674,0.20634871118445341,0.982331316670087,0.18443789580971837
0.15,0.07803344063906421,0.9689090844050324,0.450257372563129,0.858904896290435,0.978009595265684,0.2053643894931939,0.9827869205425448,0.1820553963857377
0.155,0.07801928771743818,0.9689665249933692,0.4711930933107214,0.8477955846592555,0.9782329361620015,0.20434278227157363,0.9832478471375647,0.17960201430731837
0.16,0.07800463266001384,0.9690258978455835,0.4917236930473248,0.8362739933508133,0.978462889477966,0.20328347532453162,0.9837132674534078,0.17707788484458792
0.165,0.07798947158002442,0.9690872078536645,0.5117977776998146,0.8243863522873636,0.9786993762599392,0.20218603703134663,0.9841823359821356,0.17448306082614906
0.17,0.07797380043406447,0.9691504600898203,0.5313718174250983,0.8121799977360071,0.9789423132956243,0.20105001792946658,0.984654189642759,0.1718175121942227
0.175,0.07795761501860343,0.9692156598089372,0.5504100354596619,0.7997024404068729,0.9791916129194128,0.19987495027748486,0.9851279467175743,0.16908112601824213
0.18,0.0779409109663178,0.9692828124511382,0.5688841266026972,0.7870005267173654,0.979447182806475,0.1986603475964112,0.9856027058151476,0.1662737069213409
0.185,0.07792368374224623,0.9693519236444335,0.5867728371051202,0.7741197129295396,0.9797089257549726,0.19740570418830836,0.9860775448794239,0.16339497787192123
0.19,0.07790592863976978,0.969422999207471,0.6040614397021999,0.7611034632108443,0.9799767394557364,0.19611049463131963,0.9865515202599147,0.16044458129089234
0.195,0.07788764077638301,0.9694960451523852,0.6207411370312382,0.7479927747781148,0.9802505162486946,0.19477417325005048,0.9870236658530931,0.1574220804242584
0.2,0.07786881508928177,0.9695710676877503,0.636808424229756,0.734825826642413,0.9805301428653022,0.19339617356019895,0.9874929923199602,0.15432696093032106
0.205,0.07784944633072272,0.9696480732216329,0.652264437700439,0.7216377433383645,0.9808155001561445,0.19197590768626716,0.9879584863794736,0.15115863263090673
0.21,0.07782952906318295,0.9697270683647506,0.6671143124359104,0.708460461456822,0.9811064628028677,0.19051276575111226,0.9884191101721271,0.14791643137656196
0.215,0.07780905765426979,0.9698080599337369,0.6813665654302488,0.6953226847082747,0.9814028990134789,0.18900611523601596,0.9888738006826224,0.1445996209765822
0.22,0.07778802627140946,0.9698910549545142,0.69503251797149,0.6822499124252048,0.9817046702000376,0.187455300309872,0.9893214692052965,0.14120739514597266
0.225,0.07776642887627136,0.9699760606657777,0.7081257652998917,0.669264526606756,0.9820116306376544,0.18585964112600245,0.989761000830881,0.1377388794229286
0.23,0.07774425921893285,0.9700630845225866,0.7206616984069802,0.6563859235465057,0.9823236271036555,0.1842184330850209,0.9901912539283189,0.13419313301212824
0.235,0.07772151083178022,0.9701521342000715,0.7326570797203634,0.6436306775072395,0.9826404984956776,0.18253094606206172,0.990611059590818,0.13056915051101287
0.24,0.07769817702310103,0.9702432175972557,0.7441296720735249,0.6310127255944119,0.9829620754273656,0.18079642359658488,0.9910192210111342,0.12686586347825174
0.245,0.07767425087039342,0.9703363428409882,0.7550979186504663,0.6185435647557691,0.9832881798002595,0.1790140820428583,0.9914145127472871,0.12308214180571196
0.25,0.077649725213344,0.9704315182899976,0.7655806704423727,0.6062324535678644,0.9836186243503346,0.1771831096790902,0.9917956798365748,0.11921679485746663
0.255,0.07762459264647925,0.9705287525390622,0.775596957062777,0.5940866130731278,0.9839532121675543,0.17530266577306136,0.9921614367128455,0.11526857234165039
0.26,0.07759884551146909,0.9706280544232969,0.7851657964419737,0.5821114223517998,0.9842917361866691,0.17337187960196632,0.9925104658796066,0.1112361648832804
0.265,0.07757247588905272,0.9707294330225615,0.7943060388699793,0.5703106057279992,0.9846339786473567,0.17138984942401578,0.9928414162895967,0.10822738509513534
0.27,0.07754547559058954,0.9708328976659883,0.8030362410004168,0.5586864095157797,0.9849797105216529,0.16935564139920634,0.9931529013800197,0.10520528332431911
0.275,0.07751783614919229,0.9709384579366288,0.8113745656991774,0.5472397670204829,0.9853286909064664,0.16726828845648098,0.9934434967116375,0.10211732572052164
0.28,0.07748954881043862,0.9710461236762218,0.8193387039688851,0.5359704511428225,0.9856806663787918,0.16512678910432396,0.9937117371593518,0.09896214560096733
0.285,0.0774606045226295,0.9711559049900783,0.8269458155632659,0.524877214411756,0.9860353703110531,0.16293010618163967,0.9939561136017231,0.09573831551852988
0.29,0.07743099392656597,0.9712678122520917,0.8342124852956563,0.5139579166222539,0.9863925221437977,0.16067716554554473,0.9941750690570094,0.09244434557253767
0.295,0.07740070734483398,0.9713818561098542,0.841154692423429,0.5032096404995009,0.9867518266127422,0.15836685469248563,0.9943669942136831,0.08907868140175818
0.3,0.0773697347705508,0.9714980474899026,0.8477877908426634,0.49262879597358206,0.9871129729269323,0.15599802130883908,0.9945302223039414,0.0856397018490111
0.305,0.07733806585555494,0.9716163976030661,0.8541264981480416,0.48221121374719134,0.9874756338944941,0.15356947174689525,0.9946630232693153,0.08212571628836551
0.31,0.07730568989800837,0.9717369179499297,0.8601848918987038,0.47195222888923544,0.9878394649921948,0.15107996942183866,0.9947635971680425,0.07853496160735204
0.315,0.07727259582937143,0.9718596203264058,0.865976411681465,0.4618467552023614,0.9882041033746726,0.1485282331250341,0.994830066774221,0.07486559883805656
0.32,0.07723877220071831,0.9719845168294041,0.8715138657799759,0.45188935110269385,0.9885691668188954,0.1459129352485975,0.9948604693188043,0.07111570943236814
0.325,0.07720420716835491,0.9721116198626001,0.8768094414446059,0.44207427772348157,0.9889342525989804,0.14323269991587773,0.9948527473220468,0.06728329117801629
0.33,0.07716888847869646,0.9722409421422923,0.8818747179162956,0.43239554991695367,0.9892989362861249,0.14048610101208803,0.9948047384659318,0.06377433112999031
0.335,0.07713280345236556,0.9723724967033448,0.8867206814915264,0.4228469807850242,0.9896627704679242,0.13767166010891857,0.9947141644531963,0.061200973700005316
0.34,0.07709593896745587,0.972506296905198,0.8913577420281895,0.4134222203227561,0.9900252833808557,0.13478784427650825,0.9945786187966783,0.05856465980769326
0.345,0.07705828144191927,0.9726423564379454,0.8957957503864247,0.4041147887110429,0.9903859774491467,0.13183306377567766,0.994395553478614,0.05586354938760102
0.35,0.07701981681501965,0.9727806893284554,0.9000440163771383,0.3949181047482654,0.9907443277226582,0.12880566962280188,0.9941622644140766,0.0530957283088765
0.355,0.07698053052779555,0.9729213099465365,0.9041113268562971,0.3858255098658004,0.9910997802057233,0.1257039510191348,0.9938758756456886,0.05046689011963137
0.36,0.07694040750246803,0.9730642330111094,0.9080059636571765,0.37683028812970465,0.991451750068155,0.12252613263579396,0.9935333221879823,0.04879800206908851
0.365,0.07689943212073594,0.9732094735963899,0.9117357210973065,0.3679256825910899,0.9917996197288319,0.11927037174494612,0.9931313314290027,0.04707937483979929
0.37,0.0768575882008759,0.9733570471380402,0.9153079228333417,0.35910490831065595,0.9921427368013558,0.11593475518702849,0.9926664029838501,0.04656749344777769
0.375,0.07681485897357962,0.9735069694392788,0.9187294378665787,0.35036116234866244,0.9924804118902981,0.112517296163058,0.9921347868795931,0.04603338076222174
0.38,0.07677122705644375,0.9736592566769103,0.9220066955254808,0.3416876309801039,0.992811916225453,0.10901593084024785,0.9915324599331427,0.04546980741580253
0.385,0.07672667442702243,0.9738139254072484,0.9251456992699765,0.33307749436596057,0.9931364791202892,0.10542851475823967,0.9908551001631423,0.045870234217067596
0.39,0.07668118239435183,0.9739709925718922,0.9281520391761979,0.3245239288849202,0.9934532852394626,0.10175281902227172,0.9900980590533778,0.04822203481132602
0.395,0.07663473156883918,0.9741304755033144,0.9310309029701604,0.3160201073057596,0.993761471658743,0.09798652626853711,0.9892563314585738,0.05143151470512109
0.4,0.07658730183041115,0.9742923919302171,0.9337870854850563,0.30755919695849465,0.9940601246990517,0.0950303630800928,0.9883245229134254,0.05469999401880941
0.405,0.07653887229479897,0.9744567599825938,0.9364249964195586,0.2991343560422849,0.9943482765144646,0.09206523411922729,0.9872968140721737,0.05802887298020799
0.41,0.07648942127783524,0.9746235981964453,0.9389486662740592,0.2907387281898188,0.9946249014119686,0.08902555355606871,0.9861669219687528,0.06141962690433263
0.415,0.07643892625762055,0.9747929255180736,0.9413617503381351,0.2823654353913938,0.9948889118784766,0.08590921242822327,0.9849280577463153,0.06680863841990639
0.42,0.07638736383441305,0.9749647613078809,0.9436675305957974,0.2740075693670719,0.9951391542880448,0.08271401288327043,0.9835728804596491,0.07392085880230374
0.425,0.07633470968807815,0.97513912534358,0.9458689154052078,0.26565818146210723,0.9953744042593666,0.07943766353950668,0.9820934465044273,0.08200241957403132
0.43,0.07628093853292145,0.9753160378227252,0.9479684367963934,0.2573102711292951,0.9955933616304465,0.0760777745460273,0.9804811541733558,0.09027213967981954
0.435,0.07622602406971646,0.9754955193644391,0.9499682452139622,0.2489567730520303,0.9957946450137425,0.07263185231962194,0.9787266827810026,0.09873640362009037
0.44,0.07616993893472172,0.975677591010222,0.9518701015115574,0.24059054295378368,0.9959767858910862,0.06923198635710469,0.9768199257365815,0.10740190650986423
0.445,0.07611265464546015,0.9758622742236862,0.9536753659806788,0.23220434213355226,0.9961382222031571,0.06683586626397767,0.9747499168774447,0.11627566101204559
0.45,0.07605414154302167,0.976049590889071,0.9553849841679838,0.22379082076284793,0.9962772913832356,0.06437560855990063,0.9725047493060489,0.1253650021941014
0.455,0.07599436873062224,0.9762395633083335,0.9569994692020316,0.2153424999782676,0.9963922227792636,0.061849104509685345,0.9700714859006617,0.1346775897157742
0.46,0.0759333040081329,0.9764322141966322,0.9585188803120162,0.20685175280506404,0.9964811294018117,0.06048667464162822,0.9674360605963692,0.1442214066272755
0.465,0.07587091380226468,0.9766275666759529,0.9599427971769379,0.19831078395195642,0.9965419989283111,0.05912184520233937,0.9645831694603045,0.15400475390289592
0.47,0.07580716309206888,0.9768256442666218,0.9612702896932344,0.18971160852639452,0.9965726838857359,0.05858127007802578,0.9614961505164259,0.16403623964910122
0.475,0.07574201532937982,0.9770264708764067,0.962499882691536,0.18104602973353462,0.9965708909246569,0.05854127150266241,0.9581568512151395,0.17432476170305655
0.48,0.0756754323537925,0.9772300707868693,0.9636295150683177,0.17432560879046186,0.9965341690871032,0.058495613150866044,0.9545454823977435,0.1848794820703465
0.485,0.07560737430173067,0.9774364686365906,0.9646564927251502,0.16780256926639686,0.9964598969588165,0.0584438888968365,0.9506404575835822,0.19570979133170502
0.49,0.0755377995091183,0.9776456894008334,0.9655774346264916,0.16120376343617285,0.9963452685829373,0.05838566383750675,0.9464182164205741,0.20682526076918345
0.495,0.07546666440712052,0.9778577583671615,0.9663882111960909,0.15452153999128024,0.9961872779968797,0.05832047198885761,0.9418530312029444,0.2182355795129268
0.5,0.07539392341036794,0.9780727011064573,0.9670838741719638,0.1477479305320615,0.9959827022366399,0.058247813775973926,0.9369167954943082,0.22995047348066627
0.505,0.07531952879702405,0.9782905434387166,0.9676585769307523,0.14087462834072328,0.9957280826329065,0.05816715329687003,0.9315787941269504,0.24197960226320825
0.51,0.07524343057998667,0.9785113113929043,0.9681054841749717,0.13389296754032196,0.9954197042006073,0.05807791533815214,0.9258054542146942,0.2543324293915671
0.515,0.07516557636844756,0.9787350311600715,0.9684166697528811,0.1267939031565376,0.9950535728975496,0.058687830447533666,0.9195600773627819,0.267018060598147
0.52,0.07508591121895311,0.9789617290388115,0.9685830012534753,0.12156148064097934,0.9946253904981115,0.06041762168971854,0.9128025540416944,0.28004504375309436
0.525,0.0750043774750231,0.9791914313720167,0.9685940098932144,0.11732099428618889,0.9941305267938676,0.06228251334663831,0.9054890621853826,0.29342112312260793
0.53,0.07492091459428185,0.9794241644737489,0.9684377440938812,0.11566790507783331,0.993563988793982,0.06599398986269722,0.8975717535673109,0.3071529394755004
0.535,0.07483545896195035,0.9796599545448673,0.968100605053156,0.11399969865814645,0.9929203865533074,0.06980513185613409,0.8889984335076254,0.32124566639252616
0.54,0.07474794368942236,0.9798988275758855,0.9675671625465825,0.1123137180672793,0.9921938952045477,0.07371947902692938,0.8797122420975836,0.3357025719711614
0.545,0.0746582983965074,0.9801408092352784,0.9668199491932266,0.11060711513000843,0.9913782127114046,0.07774074842455501,0.869651348535333,0.35052449406524455
0.55,0.07456644897577165,0.9803859247412487,0.965839231497494,0.11072853153482783,0.9904665127911638,0.08294042768871951,0.8587486745017694,0.3657092164039406
0.555,0.07447231733722741,0.9806341987146372,0.9646027561867554,0.11304142782289639,0.9894513923762001,0.09120501201710274,0.8469316679147305,0.38125073261573283
0.56,0.07437582113143035,0.9808856550103489,0.9630854707528064,0.11786731553744736,0.9883248128926412,0.10024387858285556,0.8341221550056283,0.3971383856454864
0.565,0.07427687344881377,0.9811403165242684,0.9612592177455068,0.12285843272991986,0.9870780345290818,0.10956197446251814,0.8202363065227856,0.41335587170734334
0.57,0.07417538249284414,0.981398204972193,0.9590924033500345,0.12999472281743926,0.9857015425463586,0.11917126257522012,0.805184762919267,0.4298801012968423
0.575,0.07407125122428945,0.9816593406367942,0.9565496422186612,0.13869097675476943,0.9841849645384921,0.12908439930201548,0.7888729733719,0.44667991555362113
0.58,0.07396437697357489,0.981923742078004,0.9535913825616429,0.14768034901812177,0.9825169773918117,0.13931478026468935,0.7712018138441015,0.46371466519584703
0.585,0.0738546510178252,0.9821914258015289,0.9501735182901764,0.15697355201816984,0.9806852025006993,0.1498765886600859,0.7520685591633707,0.4809326721759224
0.59,0.07374195811878004,0.9824624058793578,0.9462469987231685,0.16658030848792182,0.9786760875802292,0.1607848460451772,0.7313682916855047,0.49826961192732844
0.595,0.07362617601728522,0.9827366935151898,0.9417574511936566,0.17650892205047325,0.9764747731639885,0.17205546536721214,0.708995832323811,0.5156468771507525
0.6,0.073507174879519,0.9830142965465608,0.9366448379633234,0.18676575323743383,0.9740649415845507,0.18370530589743383,0.684848275541422,0.5329700125818417
0.605,0.07338481668948532,0.9832952188741373,0.9308431762356477,0.19735458950678275,0.9714286458991713,0.1957522295454545,0.6588281946595813,0.5501273432572471
0.61,0.07325895458158839,0.9835794598071055,0.9242803586511745,0.20827589992222054,0.9685461158386909,0.20821515779082075,0.6308475534493216,0.5669889542515205
0.615,0.07312943210627491,0.98386701331173,0.9168781210864666,0.2195259692791267,0.9653955374176195,0.22111412815097212,0.6008323105960598,0.583406213651759
0.62,0.0729960824207812,0.9841578671480271,0.9085522140926634,0.23109591325009846,0.9619528023426833,0.2344703486880047,0.5687276326561861,0.5992120564277662
0.625,0.07285872739592048,0.9844520018769221,0.899212842580323,0.24297058620042822,0.9581912227912577,0.24830624851119054,0.5345035386531288,0.6142222563966089
0.63,0.07271717662857541,0.9847493897172462,0.8887654433916856,0.2551274071120797,0.9540812064978265,0.2626455215204986,0.4981606899692161,0.6282378966463876
0.635,0.07257122634808197,0.9850499932283222,0.8771118695111093,0.2675351465068142,0.9495898863870726,0.27751315971025886,0.45973592313021516,0.6410491955004911
0.64,0.07242065820297808,0.9853537637895964,0.8641520396470087,0.28015273751348857,0.944680698233711,0.2929354711500476,0.4193070177074893,0.6524407478198107
0.645,0.07226523791258278,0.9856606398436597,0.849786089576603,0.2929281952371384,0.9393128990284627,0.3089400762034761,0.37699612023333373,0.662198098558674
0.65,0.07210471376553797,0.9859705448628454,0.8339170247416686,0.30579774687888345,0.9334410179183579,0.32555587353570065,0.33297123421803354,0.6701153849773691
0.655,0.07193881494469807,0.9862833849922279,0.8164538222238463,0.31868528579355426,0.9270142308218485,0.3428129648726186,0.28744526015139027,0.676003585872393
0.66,0.0717672496545326,0.9865990463129442,0.7973148683982594,0.33150226035205355,0.9199756491827471,0.3607425241541841,0.2576153099597511,0.6796987328197257
0.665,0.07158970302340636,0.986917391659039,0.7764315552249083,0.34414808838706806,0.9122615129585139,0.3793765924816199,0.23988702850859334,0.6810693100331677
0.67,0.07140583474861595,0.9872382569080078,0.7537518069494364,0.3565111483771851,0.9038002780461541,0.3987477748661772,0.2337078157518961,0.6800220360365208
0.675,0.07121527644673352,0.9875614466493883,0.7292432857674098,0.36847034278733254,0.8945115892430073,0.4188888079806475,0.24311621357629853,0.6765053102977358
0.68,0.07101762866548375,0.9878867291164446,0.7028960426739332,0.3798971669537999,0.884305131974038,0.43983195959915744,0.2624696370902384,0.6705098269057475
0.685,0.07081245750582246,0.9882138302423673,0.6747244418217777,0.39065816366238937,0.8730793600447722,0.46160820988155643,0.2851826374807099,0.6620661818341849
0.69,0.07059929079384501,0.9885424266733653,0.6447682822953679,0.40061761525013184,0.8607201035233909,0.4842461518456628,0.3153533512644607,0.6512396798261038
0.695,0.07037761373128912,0.9888721375352448,0.6130931445139127,0.4096403323261959,0.8470990717974176,0.5077705331188939,0.3432611954659112,0.6381229149903633
0.7,0.07014686394029551,0.9892025147057473,0.5797900657146285,0.4200738612079549,0.8320722836258502,0.5322003434727487,0.3686245265663367,0.6228269901943106
0.705,0.06990642580224143,0.9895330312898813,0.5449746711035961,0.4300397028923666,0.8154784809006961,0.5575463333132148,0.39121812727100225,0.6054724056947389
0.71,0.06965562397119873,0.9898630679267332,0.5087858437642961,0.43881848993498224,0.7971376187299077,0.5838078286818933,0.4108779553980166,0.5861806652863014
0.715,0.069393715919073,0.9901918964701459,0.4713839229797967,0.44789461417116827,0.7768495747962147,0.6109686912851029,0.42750320337130776,0.5650675237661461
0.72,0.0691198833407016,0.9905186604771933,0.4329483159164729,0.4575499180830035,0.7543932894498556,0.6389922626763996,0.441055918391693,0.5422385580039765
0.725,0.06883322221177049,0.9908423518012075,0.40618938070845273,0.46593232687698694,0.7295266379557941,0.6678151382546033,0.4515584628666199,0.5177874212523148
0.73,0.06853273124864623,0.9911617824117165,0.3898943253331231,0.4730063276452189,0.7019874492121956,0.6973396518770951,0.4590890436463926,0.4917967760980676
0.735,0.06821729846486324,0.9914755503407895,0.37219832351783344,0.478758044631102,0.6714962182443065,0.7274250337135878,0.4637754615069941,0.46434153706506287
0.74,0.06788568545118041,0.9917819983689893,0.3532498121304477,0.48319627489347394,0.6377612017359799,0.7578773561757509,0.46578719235855054,0.4354937344370412
0.745,0.06753650892104224,0.9920791636942078,0.33321750509343473,0.48635247930863346,0.6004867118182304,0.7884386327522206,0.4784095914131402,0.40532808582611135
0.75,0.06716821895599608,0.9923647163459071,0.3246636993477259,0.48827955267835577,0.5593854878858608,0.8187758074393581,0.505889829353212,0.3739272790731599
0.755,0.06677907324957803,0.9926358834786569,0.3163748621422324,0.48904932593572786,0.5141959581182602,0.8484708782983291,0.5310509938504371,0.34138606044071707
0.76,0.06636710647468028,0.9928893558514222,0.3113580735225243,0.48874889687705486,0.4647049051267167,0.8770140113839021,0.553800403324872,0.3078134819795617
0.765,0.06593009367681026,0.9931211717027293,0.327789959105904,0.487476013381169,0.41077541637281656,0.9038021298912883,0.5740529733929522,0.27333304167355094
0.77,0.06546550630824387,0.9933265717686828,0.35592223975848764,0.4853338226441084,0.3523789491166963,0.9281459244040507,0.5917365400879286,0.2380808609747439
0.775,0.0649704591445936,0.9934998172236469,0.3820247031252853,0.4824253426383179,0.28962888361784733,0.9492882412095703,0.6067961892918763,0.20889373341304185
0.78,0.06444164583667633,0.9936339596577268,0.40595375159857716,0.4788480124214407,0.22281126471971902,0.9664360307452964,0.6191970638263442,0.19145395740804302
0.785,0.06387526020677994,0.9937205485632397,0.42759562873246754,0.4746886505321479,0.1524069656716175,0.9788062123644328,0.6289254831576594,0.1824817273993375
0.79,0.06326689954406613,0.9937492567833928,0.44686693028759805,0.47001911357601234,0.08589708372972402,0.9856829387370899,0.635988533552101,0.18277179343756123
0.795,0.0626114450115152,0.9937073973967774,0.46371524198904157,0.46489291490112616,0.07153964164222909,0.9864802921863942,0.6404125035841914,0.1902728553857056
0.8,0.061902912737696436,0.9935792957123216,0.4781201689772343,0.4593430412725257,0.08159535897259876,0.9808013978538733,0.6422406300234436,0.2009075036759731
0.805,0.06113426707662481,0.9933454661540797,0.49009481535367183,0.4533811859985792,0.14882826214327083,0.9684835469083332,0.6415305991626752,0.21610657310099346
0.81,0.06029718465835954,0.9929815239041563,0.4996875018128958,0.4469985797937467,0.22381756531053396,0.9496201745250007,0.6383521563855397,0.23082416547771042
0.815,0.059381753906865856,0.9924567323271305,0.5069832238841,0.4401685187668007,0.29647489565165547,0.9245545598417613,0.6327850532106866,0.245063171716636
0.82,0.05837608921642934,0.991732044933679,0.5121041256929602,0.4328505403067867,0.3658443458931663,0.893845902757687,0.6249174387531933,0.2588115036695263
0.825,0.05726583129893892,0.9907574379759461,0.5152081807461231,0.4249959809758933,0.43114970470545994,0.8582141572693414,0.6148447013560516,0.2720436834128853
0.83,0.0560334943979664,0.989468235724638,0.516485404700304,0.41655439825042756,0.4918237007978762,0.8184738108280429,0.6026686943209394,0.284722888305033
0.835,0.05465760576137652,0.9877799876024319,0.5161512959356458,0.4074801171019632,0.547512805040604,0.775467655547039,0.5884972374251841,0.29680329165442954
0.84,0.05311156107423366,0.9855812366181442,0.514437745238146,0.3977380556555906,0.598061315757616,0.7300096618063945,0.5724437691426454,0.3082325713776166
0.845,0.05136208891133707,0.9827231766432845,0.5115822310191804,0.3873080540801929,0.6434812292892467,0.6828424513785485,0.5546270275081048,0.3189544831036063
0.85,0.049367174484979334,0.9790046584568637,0.5078165403285184,0.3761871842432293,0.6839150702726977,0.6346109890645903,0.5351706546920132,0.3339982998346125
0.855,0.048825590379406834,0.9741501522667403,0.5033563872690698,0.36438989267407756,0.7195978704709851,0.5858510582824457,0.5142026465412988,0.3524743009221931
0.86,0.04917872162000566,0.9677769187020643,0.5224060965984169,0.3519462176384791,0.7508226357426326,0.5369893309340273,0.49185459929833525,0.3748948708670635
0.865,0.04953648790598546,0.9593454942883356,0.54432548477465,0.3388986141637824,0.777911670761273,0.4883513094393811,0.46826073779055544,0.40110528205465923
0.87,0.049886101958896825,0.9480842732034971,0.5647572213118328,0.32529805416335816,0.8011945133428979,0.4401737350084804,0.44355673949726193,0.4260076385932383
0.875,0.0502042009263287,0.932874106254759,0.5836710512551655,0.31120003982561395,0.8209921436985663,0.3926187961346369,0.4178783945032146,0.4495664262788772
0.88,0.05044875969496011,0.9120727448683716,0.601058607338059,0.2966610238644768,0.8376065508246303,0.3457883053007571,0.39136016052273226,0.47175516069352463
0.885,0.050746351001221095,0.8832548538892415,0.6169301025993381,0.2817355363995217,0.8513145332606586,0.29973674718211535,0.36413368375013894,0.4925565165192987
0.89,0.05215374323401997,0.8428541926900476,0.6313104107324259,0.2664741331899685,0.8623646427945925,0.254482660763886,0.3363263599210392,0.5119622100415562
0.895,0.053420681802120534,0.7857605175901119,0.6442350699385857,0.2509221386657736,0.8709763309111019,0.21001819642680303,0.30806000614722717,0.5299726362025945
0.9,0.056544985309980325,0.7051407125772999,0.6557465815202004,0.2351190706456604,0.8773405497773188,0.16631691789115505,0.2794497040373905,0.5465962803301154
0.905,0.06120978565197799,0.5932503246543767,0.6658912173690782,0.21909859596808862,0.8816212467499733,0.12334003843306596,0.2506028600811543,0.5618489396677085
0.91,0.06719377259989984,0.4445691216402431,0.6747164246203626,0.20288886384040383,0.8839573522999831,0.08104132811253786,0.22161851225786594,0.5757528001343497
0.915,0.07590526621043793,0.26167666344318197,0.6822688281076276,0.18651308197601585,0.8844649893111138,0.055058870662631564,0.19363699882050164,0.5883354190239449
0.92,0.08272043191081821,0.08869096380822597,0.6885927786284836,0.1717123365738248,0.8832397282727832,0.04368668174698972,0.17308211427315964,0.5996286648913225
0.925,0.08798130823518921,0.13771890047031682,0.693729369585779,0.15967530549575049,0.880358782734071,0.05884676547598014,0.17021879501696108,0.6096676623771806
0.93,0.09099914922747132,0.310855352924309,0.6977158377135526,0.14784000791989582,0.8758830881641931,0.08236584060483304,0.17978919464079793,0.6184897832054024
0.935,0.09397434027307813,0.451070731799189,0.7005852679447929,0.14492493549686125,0.8698592403259382,0.12200376633680803,0.1892711397100537,0.6261337161569452
0.94,0.09611338293355275,0.5595188568731678,0.7023665325292705,0.14502529600302527,0.8623212907725659,0.16123416910936655,0.19801373149496215,0.6326386395603447
0.945,0.09676552453473622,0.6418040969545392,0.7030844065929825,0.14987402738630473,0.8532924105025721,0.20008530941713193,0.2114988682063389,0.6380435106646211
0.95,0.09654367189604159,0.7041414253925096,0.7027598142418947,0.1570233328142952,0.8427864406397974,0.2385779948068505,0.22551261225448951,0.6423864778864954
0.955,0.09584088436943311,0.7517670573732418,0.7014101698913815,0.16421327525322738,0.8308093530093638,0.2767249518103859,0.23867202284226846,0.6457044148251883
0.96,0.09489356271044172,0.7886426248555731,0.6990497882648794,0.1714400175588479,0.8173606448492521,0.3145302774156705,0.2509853698443838,0.6480325693661855
0.965,0.09383874061639441,0.8176350167152647,0.6956903433666367,0.17869733831072787,0.802434691409325,0.35198895402859487,0.2624665227791869,0.6494043172123145
0.97,0.09275370549610452,0.8407882698396858,0.6913413618225327,0.18805397458497428,0.7860220783188416,0.38908642181025077,0.27313419067881134,0.6498510067033023
0.975,0.09168069763507619,0.859559790234359,0.6860107395242753,0.20019914149409335,0.768110932616761,0.42579821083267844,0.2830111814734482,0.6494018806321319
0.98,0.09064164097212656,0.8749966525904265,0.6797052727601727,0.2123674278467904,0.748688267369988,0.4620896429009279,0.2921236940814569,0.6480840606997917
0.985,0.08964677471837379,0.8878596956993166,0.6724311962210665,0.22453674678283597,0.7277413499148735,0.4979156192273825,0.30050065276413174,0.6459225810097168
0.99,0.08869968445852522,0.8987089695541901,0.6641947206674419,0.23668208008155978,0.7052590979878547,0.5332205153769414,0.308173090163975,0.6429404583345606
0.995,0.08780023420989802,0.9079622864544235,0.6550025628489686,0.24877556977066953,0.6812335014278961,0.5679382088754223,0.3151735827895833,0.6391587885596725
1.0,0.0869462764475699,0.915935498484361,0.6448624596805593,0.2607866372160397,0.6556610598656589,0.6019922673420516,0.32153574050643696,0.6345968605234629
1.005,0.0861346479878442,0.9228704391535834,0.6337836578868054,0.272682136375635,0.6285442190863164,0.6352963256632962,0.32729374979893455,0.6292722802791402
1.01,0.08536174619857022,0.9289545164623851,0.6217773695065325,0.2844265465417983,0.5998927809050159,0.6677546792474569,0.33248196914183253,0.6232011004813349
1.015,0.0846238572646453,0.9343346145465683,0.6088571829678608,0.2959822082735242,0.5697252538882935,0.6992631165070031,0.3387752057884412,0.6163979510808855
1.02,0.08391733743825197,0.9391270771495086,0.5950394190539557,0.307309604347067,0.538070105661618,0.7297100072354954,0.3514485357483514,0.6088761687528188
1.025,0.08323870707166293,0.9434249637322636,0.5803434211123603,0.3183676854684342,0.5049668725049671,0.7589776544783966,0.3664216359440841,0.6006479234768544
1.03,0.0825846931167162,0.9473033850459065,0.5647917694185848,0.3291142382631903,0.47046707910950347,0.7869439060741108,0.3865277466366486,0.5917243414498086
1.035,0.08195224150163279,0.9508234704608802,0.5484104107509901,0.339506290783601,0.43463492133872994,0.8134840087618864,0.40611909116293166,0.5821156240641778
1.04,0.08133851226781288,0.9540353492499807,0.5312286959848774,0.34950054857035123,0.3975476680437339,0.8384726733867515,0.4251910054085535,0.5718311630754099
1.045,0.0807408652104357,0.9569804132463127,0.5132793208325239,0.35905385231047227,0.35929574462626124,0.8617863052807093,0.44373842641204153,0.5608796523443833
1.05,0.08015684064750905,0.95969305004242,0.4945981676520559,0.368123646483212,0.3199824710281003,0.8833053405202669,0.46175584193387587,0.5492691967227548
1.055,0.07958413803777262,0.962201981966333,0.4752240493822786,0.3766684472095915,0.2797234397261935,0.9029166176476605,0.4792372484208789,0.537007418784252
1.06,0.07902059400059823,0.9645313085003812,0.45519835995516433,0.3846482969241741,0.23864553439038746,0.920515706697141,0.49617611586260524,0.52410156422451
1.065,0.07846416057388902,0.9667013233538617,0.4345646387930903,0.39202519353795046,0.19688560611911027,0.9360091138608624,0.5125653582718196,0.5105586068773125
1.07,0.07791288410502438,0.9687291585738208,0.4133680600116376,0.39876348248398985,0.15458884044806415,0.9493162813971973,0.5283973087379702,0.4963853544382106
1.075,0.07736488489869911,0.9706292945376583,0.39165485953688983,0.4048302014090639,0.11190686342291564,0.9603713085564582,0.5436636982238656,0.48158855615079554
1.08,0.07681833757829111,0.9724139648286123,0.36947171536161283,0.4101953692251439,0.07397491283704993,0.969124330077102,0.5583556375232446,0.46617501389082466
1.085,0.07627145201317045,0.9740934777616868,0.3468650975133957,0.4148322136552325,0.052772937076984806,0.9755425034930967,0.5724636020882772,0.45015169826620194
1.09,0.07572245459729367,0.9756764709488215,0.3238806049572648,0.41871733416108387,0.04692090179411322,0.9796105740673411,0.5859774197841462,0.4335258715170346
1.095,0.07516956961798651,0.9771701112394988,0.300562306638417,0.4218308000738046,0.06814485908421856,0.9813310053781764,0.5988862620389761,0.41630521912558177
1.1,0.07461100041720171,0.9785802492714628,0.27695210328176234,0.4241561867094871,0.10179537276919493,0.9807236830816878,0.6111786393310802,0.3984979921030031
1.105,0.07404491001342692,0.979911535445672,0.2530891255516917,0.4256805551000423,0.14351750384285256,0.9778252178143949,0.6228424024831977,0.3801131618790493
1.11,0.07346940081550835,0.9811675022019536,0.22994160548370413,0.42639438358471304,0.1845657448457012,0.972687889387616,0.6338647517986251,0.361160589552277
1.115,0.07288249301577913,0.9823506158679655,0.2134048014575824,0.42629146179687505,0.2248137707532233,0.965378287391132,0.6442322566516354,0.3416512109343409
1.12,0.07228210119528858,0.9834622999678337,0.20096872690067535,0.42578620251877675,0.2641462596948613,0.9559757124160326,0.6539308887005002,0.3215972383184259
1.125,0.0716660086048801,0.9845029306129873,0.19363936610727828,0.4280497003119135,0.30245977917165423,0.9445704070232703,0.6629460723833882,0.30101237920210505
1.13,0.07103183849819156,0.985471803372806,0.1960317049627646,0.4295989346785222,0.3396633587340691,0.9312616863781402,0.6712627567355547,0.27991207129164175
1.135,0.07037702178140343,0.9863670697574782,0.2017954374748036,0.430442015798849,0.3756787609476943,0.9161560355131745,0.6788655127747405,0.2583137320146074
1.14,0.0696987601036438,0.9871856400577395,0.21832708777217263,0.43380284627014776,0.4104404731975375,0.89936523409544,0.6857386606822613,0.23623701949403134
1.145,0.06899398333365811,0.9879230476836285,0.23416400625980227,0.43745606868344217,0.44389545112664397,0.8810045611455948,0.6918664307035094,0.2137041005340528
1.15,0.06825930014285152,0.9885732682164187,0.24925094487233007,0.44056001258983146,0.47600265010557397,0.8611911222406661,0.6972331610558523,0.19073991970033294
1.155,0.06749094012948842,0.9891284839951906,0.26353488090948907,0.4431267132814095,0.5067323841435282,0.8400423311664733,0.7018235351331576,0.16737246213644946
1.16,0.0666846855574803,0.989578782021084,0.27696542542863306,0.44516648759064725,0.5360655523175297,0.8176745675140001,0.7056228589289513,0.14363300144739194
1.165,0.0658357903249514,0.9899117690372435,0.28949539577404615,0.4466871753235986,0.5639927714786467,0.7942020219416247,0.7086173778930642,0.12154732696055796
1.17,0.06493888319591737,0.9901120825057363,0.30108159187127914,0.447693364607752,0.5905134511293038,0.7697357321922728,0.710794630457912,0.10762523408999086
1.175,0.06398785158881923,0.9901607694103903,0.31168580875516,0.44818562523040073,0.6156348424090574,0.7443828057337083,0.7121438333299562,0.10018647058667426
1.18,0.06297570127524828,0.9900344957561786,0.32127610318689875,0.44815978580824434,0.6393710885108461,0.7182458192009247,0.7126562914846689,0.09534836540885624
1.185,0.061894386147312234,0.9897045374672976,0.32982830808665525,0.4476063046071178,0.6617422989580584,0.6914223806535402,0.7123258237973306,0.1006918592596591
1.19,0.06073460069767574,0.9891354869357989,0.33732775348091676,0.4465097985488191,0.6827736653178749,0.6640048379137364,0.7111491935566923,0.11131928192459573
1.195,0.05948552594684314,0.9882835871117912,0.34377110699293456,0.4448488077468645,0.7024946313466619,0.6360801147517685,0.7091265318901736,0.12194998978907452
1.2,0.0581345171670955,0.9870945744926016,0.34916819365020796,0.4425958798998153,0.720938126423015,0.6077296562313117,0.7062617414757548,0.13255018087030324
1.205,0.056666718820502296,0.9855008705341559,0.3535436008772682,0.4397180552211363,0.738139867522096,0.5790294648983259,0.7025628678586148,0.14308266943065645
1.21,0.055064588621473703,0.983417903591393,0.3569378311624,0.4361778135174591,0.7541377319640019,0.5500502104843195,0.6980424261894602,0.15350721479043478
1.215,0.05330730863815157,0.9807392647438685,0.3594077464121055,0.4319345074183022,0.768971200729105,0.5208573972057278,0.6927176721545072,0.16378092144456058
1.22,0.051661944815442576,0.9773302933135858,0.3610260689870186,0.42694625015956145,0.7826808702428467,0.49151157441055726,0.6866108071368457,0.17385870522891478
1.225,0.051513306164284595,0.9730195424681654,0.36881551972570653,0.4211721586697754,0.7953080291393112,0.4620685781153482,0.6797491090985432,0.18770979756219142
1.23,0.05194927888116861,0.9675873824945664,0.382537766649823,0.41457478472591713,0.8068942955531155,0.4325797927840363,0.672164982202291,0.20398418678346153
1.235,0.05239009745265784,0.9607507528534094,0.40779086037651924,0.4071225143227709,0.8174813098944834,0.4030924244465507,0.6638959197634724,0.2245922836088825
1.24,0.05282906511254292,0.9521427806580294,0.4324854584629319,0.39879169363819195,0.8271104777651905,0.37364977788499454,0.6549843767711978,0.2471261620628285
1.245,0.0532555495113608,0.9412856851948905,0.45650189987653483,0.38956825903069736,0.8358227576102124,0.344291532094564,0.6454775500273155,0.26900915499701566
1.25,0.0536530044631086,0.9275552138261676,0.479725628189947,0.37944870839288936,0.8436584878145807,0.31505400953754803,0.6354270660325573,0.29017280209218344
1.255,0.053996029572360923,0.9101351218005203,0.5020513230847433,0.3684403407811193,0.8506572481981844,0.28597043584597226,0.6248885791798122,0.3105518319699124
1.26,0.05424607311530055,0.8879616215050613,0.5233861507655879,0.3565607912313854,0.8568577511917885,0.25707118759570036,0.6139212856086893,0.3300848752568187
1.265,0.05515035143163764,0.8596617048428462,0.5436519047126529,0.34383697659843365,0.8622977583619278,0.2283840265815193,0.6025873611488286,0.3487151175244123
1.27,0.056361736484275476,0.8234983181201501,0.5627859711936792,0.3303036291228715,0.8670140183640715,0.19993431968272754,0.5909513349459579,0.36639087234571077
1.275,0.05741889514414564,0.7773531772225872,0.5807412037552182,0.3160016191365338,0.8710422228221706,0.17174524393766366,0.5790794133568729,0.38306605703602703
1.28,0.0591431292348405,0.7188072334820877,0.5974849020533417,0.30097625848500575,0.8744169770434851,0.14383797685970912,0.567038771209134,0.39870055725607423
1.285,0.06272257698832637,0.6454134467782164,0.6129971512472377,0.2852757408174614,0.8771717828697148,0.11623187234298527,0.5548968292528889,0.41326047134916466
1.29,0.06756645058589807,0.5552652848584242,0.627268790537014,0.2689498260586871,0.8793390313319345,0.08894462273823055,0.5427205373555934,0.4267182307075178
1.295,0.07177733556422228,0.44787651731517236,0.6402992542782098,0.25204882569576625,0.8809500031133707,0.06521064291582841,0.5305756825827878,0.43905259815807374
1.3,0.07526009108169013,0.32513444540149833,0.6520944812852864,0.23462290140515524,0.8820348751285585,0.05235330883893903,0.5185262397756448,0.45024855183130136
1.305,0.08101602450529047,0.19176101782656457,0.6626650315652152,0.21672165647502345,0.8826227317993882,0.04184178566056309,0.5066337797135587,0.4602970667656132
1.31,0.08520539082344313,0.08431381761754603,0.6720244955011141,0.20330851822373502,0.8827415798486852,0.04704210239015097,0.49495694667742374,0.46919481023810855
1.315,0.08771259402380897,0.09010115367381445,0.6801882348682549,0.19009557802662103,0.8824183656416923,0.05925554879640436,0.4835510135140596,0.4769437692678119
1.32,0.0892920552400402,0.20187551231864484,0.6871724606323648,0.17656161657473426,0.8816789942872012,0.07161300360808548,0.4724675184731604,0.48355082983087894
1.325,0.09101044612891661,0.31146891031495927,0.6929936291363246,0.1659520984302681,0.8805483498653393,0.09193747010986897,0.46175398445222615,0.4890273271223192
1.33,0.09244271412872718,0.4060551871699237,0.6976681243302958,0.15704088011621925,0.8790503162806813,0.11619240257176756,0.45145371809189394,0.4933885848754304
1.335,0.09462225885067356,0.4861336137648482,0.7012121868104835,0.14791234743384887,0.8772077983498121,0.1400230487678346,0.4416056835859169,0.49665345956444557
1.34,0.09593018770351919,0.5532011915685646,0.7036420482679369,0.14855986653246012,0.8750427428242276,0.16342185499515466,0.4322444441936497,0.498843902558316
1.345,0.09659987887487512,0.6091261892879826,0.7049742305182233,0.15062485307712603,0.8725761591247229,0.1863818147695771,0.42340016327666075,0.4999845502508758
1.35,0.0968148405349201,0.6557676271193527,0.705225970074503,0.15252237850247108,0.8698281396244354,0.2088964067734403,0.4150986561692929,0.5001023491195301
1.355,0.09671270393089358,0.6947916214591611,0.7044157312261659,0.15424861223330466,0.8668178793664012,0.2309595364776161,0.40736148423582125,0.49922621976562687
1.36,0.09639368719130001,0.7276100201698905,0.7025637722292954,0.15580040847655924,0.863563695139669,0.25256548098381976,0.40020608294002263,0.4973867614121508
1.365,0.09592942163204522,0.7553824811621481,0.6996927303236002,0.1571757349640085,0.8600830438673688,0.27370883668850693,0.39364591652584385,0.49461599616953156
1.37,0.09537049609008985,0.7790455761216128,0.6958281919939389,0.1596624589501628,0.8563925402820252,0.29438446942143115,0.38769065285673665,0.49094715067007166
1.375,0.09475234050823578,0.7993495561719941,0.6909992155598548,0.17208422602060544,0.852507973879217,0.3145874667594945,0.38234635297881037,0.48641447141822636
1.38,0.09409959595298181,0.8168938021989265,0.6852387743226505,0.18586299506818693,0.8484443251514577,0.3343130922600466,0.37761567097275683,0.48105306938128883
1.385,0.09342927373913734,0.8321575386831341,0.678584090699659,0.19932631384382923,0.8442157811109788,0.3535567413970063,0.3734980605777619,0.4748987889078173
1.39,0.09275300561480174,0.8455250670478318,0.6710768355438745,0.21242203723675163,0.8398357501137058,0.3723138990184015,0.36998998586481424,0.4679880959537419
1.395,0.09207863457755038,0.8573059146086062,0.6627631725209374,0.22509911116169729,0.8353168759979364,0.39058009817518874,0.36708513388366754,0.46035798075923007
1.4,0.09141133615772482,0.8677506801504797,0.6536936350489326,0.23730844955064823,0.8306710515506189,0.40835088019874083,0.36477462769961927,0.4520458704946152
1.405,0.09075440851673086,0.8770634020829913,0.6439228326046961,0.24900378121808608,0.8259094313122686,0.4256217559285627,0.36304723857828514,0.4430895479265622
1.41,0.09010982988311245,0.8854111860706901,0.6335089935153061,0.2601424329544982,0.8210424437288428,0.4423881680126903,0.36188959628307427,0.4335270727972812
1.415,0.08947865264124556,0.892931701789867,0.6225133617544407,0.27068601613486026,0.8160798026557088,0.4586454542213976,0.3612863965421047,0.4233967033171383
1.42,0.08886128256560435,0.8997390338076541,0.6109994746773626,0.2806009880237672,0.8110305182154973,0.4743888117303367,0.36122060474408113,0.4127368159075267
1.425,0.08825767707360355,0.9059282642159107,0.5990323560230686,0.28985906552361046,0.8059029070083118,0.489613262342637,0.3616736548634711,0.40158582206433024
1.43,0.08766748618141545,0.9115790776543649,0.5866776630816566,0.29843747767069884,0.8007046016697383,0.5043136186308708,0.36262564252188717,0.38998208191504347
1.435,0.08709015276635182,0.9167586111258612,0.5740008282327443,0.3063190527879747,0.795442559769431,0.5184844509896883,0.3640555109913184,0.37796381469013696
1.44,0.08652498381729049,0.9215237184561001,0.5610662331082471,0.3134921457928228,0.7901230720409078,0.5321200555984374,0.3659412288596131,0.3655690069001183
1.445,0.08597120092567752,0.9259227791751652,0.5479364488381255,0.3199504197412351,0.7847517699316178,0.5452144233006977,0.3682599580293576,0.35283531948519187
1.45,0.085427975872769,0.9299971511835265,0.5346715689380808,0.3256925024875347,0.7793336324614277,0.5577612094145079,0.37098821072316274,0.33979999556915796
1.455,0.08489445548633745,0.9337823435180828,0.5213286533029171,0.33072154388393066,0.7738729923774055,0.5697537044935734,0.3741019942309492,0.32649977069175884
1.46,0.08436977875366197,0.9373089680590436,0.5079612934032508,0.33504470110336293,0.7683735415932316,0.5811848060660643,0.37757694226175387,0.31297078750791657
1.465,0.08385308833691513,0.9406035157414495,0.4946193009523486,0.33867257960848884,0.7628383359027016,0.592046991384146,0.38138843195172667,0.2992485169276681
1.47,0.0833435380384117,0.9436889927166934,0.4813485156131001,0.3416186553949173,0.7572697989586439,0.6023322912243003,0.3855116858239126,0.2853676875333358
1.475,0.0828402973347789,0.9465854441695073,0.4681907221075631,0.3438987009160519,0.751669725511088,0.6120322647861589,0.389921858282365,0.2713622248629827
1.48,0.0823425537910934,0.9493103875505297,0.45518366349510087,0.3463804193645412,0.7460392839017878,0.6211379757461957,0.3945941065383778,0.25726520181006096
1.485,0.08184951394351228,0.9518791723973248,0.4423611353304282,0.3498801909670003,0.7403790178160958,0.6296399695325868,0.39950364619389633,0.2431088009812719
1.49,0.08136040307747207,0.9543052803607093,0.42975314469809633,0.35275030130803786,0.7346888472978176,0.6375282518990744,0.4046257920302214,0.22892428940403592
1.495,0.08087446421085258,0.9566005762834517,0.41738611847022244,0.3550112468385159,0.7289680690379613,0.6447922688891828,0.4099359848541799,0.21474200550826433
1.5,0.08039095650537373,0.9587755190104476,0.4052831462537603,0.35668347617815127,0.7232153559543524,0.6514208882979495,0.41540980552660356,0.20059135785008453
1.505,0.07990915326617065,0.9608393389041952,0.3934642451027912,0.35778707781603736,0.7174287560858397,0.6574023827568678,0.4210229775302539,0.1865008346203329
1.51,0.07942833964272386,0.9628001876913801,0.3819466349311098,0.3594318741098981,0.7116056908324464,0.6627244145894526,0.42675135962067634,0.17249802260660957
1.515,0.07894781010959606,0.9646652651953457,0.37074501548233274,0.36165873158231854,0.7057429525813076,0.6673740226102278,0.43257093024188303,0.15860963396773686
1.52,0.0784668657794775,0.9664409266538898,0.35987183756293084,0.3633821204582171,0.6998367017677604,0.6713376110695692,0.43845776548034504,0.14486153894184411
1.525,0.07798481158149181,0.968132773635062,0.3493375629292498,0.36461947888469026,0.6938824634316572,0.6746009409813425,0.44438801237906633,0.13127880244718804
1.53,0.07750095332281734,0.9697457310090986,0.3391509086933425,0.36538698884943155,0.6878751233410388,0.6771491241103811,0.4503378594438887,0.12162874371113827
1.535,0.07701459464015184,0.9712841119841721,0.3293190733552199,0.3656995090004967,0.6818089237690428,0.6789666199433346,0.4562835061529235,0.1207917460864972
1.54,0.07652503383843252,0.9727516728451864,0.3198479425833343,0.3655705332988885,0.6756774590255797,0.6800372360201627,0.4622011332337424,0.1215128405828464
1.545,0.0760315606068024,0.974151658731263,0.3107422736675762,0.3650121714735502,0.6694736708633843,0.6803441320655088,0.46806687540798886,0.12253045690977586
1.55,0.07553345259554249,0.9754868415351021,0.30200585818491177,0.36403514770766254,0.6631898438989318,0.679869828430408,0.47385679822493965,0.12570559173609763
1.555,0.07502997183214197,0.976759550795285,0.29364166287649773,0.3626488144680981,0.6568176012130407,0.6785962194363229,0.47954688051867267,0.12858102616928632
1.56,0.07452036094952058,0.9779716982720317,0.28565194906734215,0.3608611788713775,0.6503479003244473,0.6765045923065095,0.4851130039310677,0.13115111789865969
1.565,0.0740038391943805,0.9791247967408137,0.2780383711956397,0.358678939442748,0.6437710297630288,0.6735756524753203,0.49053095084655307,0.1334105819976591
1.57,0.07347959817850588,0.9802199734007003,0.2727778361532011,0.35610753156016656,0.6370766065086352,0.6697895561853127,0.49577641198457906,0.1353544854007322
1.575,0.07294679733034895,0.9812579781703493,0.26812110574240294,0.3531511802773494,0.6302535746078155,0.6651259514159872,0.500825004790862,0.13697825222199606
1.58,0.07240455899824327,0.9822391870298808,0.2637045526174983,0.3498129595891184,0.6232902053352907,0.6595640283373991,0.5056523036556934,0.1382776805780021
1.585,0.07185196314987213,0.9831636004575789,0.2595240507698512,0.3460948575406839,0.6161740993314521,0.653082580647401,0.5102338828625432,0.1392489712826499
1.59,0.07128804160499855,0.9840308369029087,0.25557499915153936,0.341997846895525,0.6088921912230494,0.6456600793330961,0.5145453730270203,0.14014907419088862
1.595,0.07071177172971652,0.9848401211281863,0.2518523324711758,0.337521961371559,0.60143075732369,0.6372747605950136,0.5185625316178522,0.14129685197554376
1.6,0.07012206951036916,0.9855902671369183,0.24835052633206972,0.3326663777414899,0.5937754271159823,0.6279047298857259,0.5222613279502026,0.14196507017874843
1.605,0.0695177819135334,0.9862796552835102,0.2450635989777245,0.32742950438121277,0.5859111993408622,0.6175280842416426,0.5256180427995133,0.14215250336918975
1.61,0.06889767842477747,0.9869062030227915,0.24198511220663438,0.3218090771512454,0.5778224636646995,0.6061230553249124,0.528609382494632,0.1418589180033037
1.615,0.06826044164289612,0.9874673286037876,0.2391081743494291,0.31580226382153764,0.5694930290645831,0.5936681758380962,0.5312126070082299,0.14108517307131918
1.62,0.06760465678759459,0.9879599068351703,0.23642544854610828,0.309405778608816,0.5609061602701535,0.5801424722219737,0.5334056711708479,0.13983332818049027
1.625,0.06692879995663209,0.9883802158433075,0.2339291698847583,0.302616008792579,0.5520446238300848,0.565525686788896,0.5351673776987,0.13810675642325831
1.63,0.06623122494265729,0.9887238735001895,0.2316111752136742,0.29542915580721857,0.5428907456358719,0.5497985326694529,0.536477540258637,0.13591025901490786
1.635,0.06551014838969621,0.988985761908349,0.22946294954465432,0.2878413936566508,0.5334264820370542,0.5329429851436283,0.5373171543184495,0.1332501783803477
1.64,0.06476363303367547,0.9891599379816673,0.2274756928352803,0.2798490479279335,0.5236335070202173,0.5149426130672854,0.5376685730769585,0.13013450614786118
1.645,0.06398956872955108,0.9892395277405304,0.2256404104653924,0.2714487990296991,0.5134933182951849,0.49578295416049906,0.5375156853717298,0.1265729823939516
1.65,0.06318565091848577,0.9892166014294869,0.22394802979469866,0.26263791345661475,0.5029873655258021,0.4754519378538472,0.5368440921607779,0.1225771824994607
1.655,0.062349356130833214,0.9890820259434402,0.22238954370256028,0.25341450675560157,0.49209720434056803,0.4539403591347331,0.5356412780036056,0.11816058813764864
1.66,0.061477914053066275,0.9888252902870565,0.22095617990253774,0.24377784128625246,0.4808046801284669,0.4312424063216217,0.5338967739533242,0.11438575580318325
1.665,0.06056827560768779,0.9884342988572605,0.21963959209887485,0.23372866065230322,0.4690921459187695,0.407356244820157,0.5316023084285546,0.11364946719846764
1.67,0.05961707640297504,0.9878951261875641,0.21843206582324265,0.2232695606665314,0.45694271879030207,0.3822846575580624,0.528751942956322,0.11258715670936198
1.675,0.05862059480250905,0.9871917253719399,0.21732672831135538,0.21240539377736214,0.4443405791605276,0.3560357408088747,0.5253421901406433,0.11120953789281662
1.68,0.057574703741391835,0.9863055806281835,0.2163177484594777,0.2011437000068429,0.4312713168464406,0.32862365133696875,0.5213721117730987,0.11120206909817318
1.685,0.05647481527589817,0.9852152922829549,0.21540051028737967,0.18949515274986903,0.41772232682260413,0.300069397068072,0.5168433956055178,0.11262574033116346
1.69,0.05531581669608602,0.983896079760044,0.21457174205037904,0.17855463898113882,0.40368325596730137,0.270401658681239,0.5117604098899049,0.11369318689140373
1.695,0.05409199685845421,0.9823191848035164,0.21382958377814895,0.1703653820754302,0.38914649962989417,0.23965762357235312,0.5061302353001951,0.11441655710978048
1.7,0.05279696121312524,0.980451153015241,0.213173578980682,0.16183622955782062,0.3741077434484308,0.2078838066261295,0.4999626742415665,0.1148091971055934
1.705,0.051564221574907684,0.9782529666500461,0.21260458162804313,0.1529808892829843,0.35856654144698846,0.17513682441512793,0.4932702378042557,0.11488552988672995
1.71,0.05081879875142485,0.9756789952820076,0.21212457691254594,0.14381767209517832,0.3425269161209513,0.14148408133719093,0.48606811073388423,0.1146609290237439
1.715,0.05100858483629336,0.9726757232027117,0.21308781495889467,0.13436970326521308,0.3259979602229562,0.10700431862044711,0.47837409479754467,0.1141515891459933
1.72,0.05119138026358694,0.9691802030083265,0.21538770412931807,0.12494364389943828,0.30899441375506104,0.07620451410943153,0.4702085308725119,0.1133743952051543
1.725,0.05136525861039766,0.9651181735934248,0.2178979890226245,0.12270920413927891,0.2915371839437911,0.056873784357906,0.4615942000315191,0.11291432974193785
1.73,0.05152780421156774,0.960401767644439,0.22061155487574569,0.12288767301856297,0.2736537716092333,0.049298950826076396,0.4525562039045732,0.11428429337121324
1.735,0.051675984435211375,0.9549267189554562,0.22352054201288307,0.12518037222765738,0.255378565323153,0.053782691089400106,0.44312182471081984,0.11549337056473927
1.74,0.051805985995773685,0.9485689642944497,0.2266161475892516,0.12973639114574437,0.23675296601385837,0.08047700789959693,0.433320365603608,0.11654511920336569
1.745,0.05191300484998493,0.9411805200263783,0.2298884877177733,0.13583761480853895,0.21782530988562265,0.11137272755164813,0.42318297236015323,0.11744265901629172
1.75,0.05199097639448162,0.9325845040662012,0.23332653171759873,0.1414722162518526,0.19865056687406066,0.14848341916042163,0.41274243794937204,0.11818873658265351
1.755,0.05203222941889395,0.9225691761062,0.23691811242051825,0.1466346333899811,0.17928980491875374,0.18540479713112668,0.4020329920787704,0.11878581121526963
1.76,0.05202704385727687,0.9108808960578473,0.24065000896121136,0.15132271068273245,0.1598094259827702,0.22197885421048608,0.3910900783890284,0.11923615639998494
1.765,0.05196308957744114,0.8972159737383774,0.2445080922015947,0.15553734627903315,0.1440153266753052,0.2580477578046081,0.37995012246260573,0.11954197087200949
1.77,0.0522731254203604,0.8812115370744964,0.2484775184967736,0.16310113073298102,0.12813945578941854,0.2934565683916954,0.3686502941761829,0.11970549316740436
1.775,0.052851882827540816,0.8624358360358098,0.25254295512604485,0.17016768559293172,0.11221343778283059,0.32805593534425814,0.3572282681085082,0.1197933981150264
1.78,0.05339059132156101,0.8403789045608179,0.25668882028884465,0.1766160451935105,0.09748220507647229,0.3617046516632877,0.3457219856919444,0.12085595810346005
1.785,0.05386548154329544,0.8144453268637737,0.26120948481750406,0.18244230017276022,0.08643927333388035,0.3942719596534584,0.33416942257202903,0.12170173592200803
1.79,0.05439422415306442,0.7839521078937707,0.26965068069635534,0.1876459966191475,0.07542434364026976,0.42563951835921776,0.32260836424454065,0.12233099754931828
1.795,0.05587347181643018,0.7481363860552904,0.2778501686724838,0.19222985655370767,0.06448736433611452,0.4557029680116865,0.3110761925240386,0.12274499815957438
1.8,0.057264065850339,0.7061798095189032,0.28579792305878376,0.196199464530398,0.05705706994202862,0.4843730537609606,0.29960968482242817,0.12294598047962943
1.805,0.05849932556269587,0.657258231241888,0.29348619334608994,0.1995629315500137,0.05548738194415246,0.5115762976629306,0.28824482764300835,0.12293715289968907
1.81,0.06105196106056611,0.6006255665613041,0.30277637803388946,0.20233054734135672,0.05710868228587622,0.5372552318683355,0.27701664517830127,0.12272264824127828
1.815,0.06374195048743436,0.535736806989812,0.3135507711003228,0.2045144313576942,0.0655582623818832,0.561368225609153,0.2659590434774427,0.12230746484829966
1.82,0.06611288269854221,0.46240447766616677,0.32382387120577283,0.20612819168011065,0.07592540055905733,0.5838889530961768,0.2551046703405253,0.1216973923090402
1.825,0.07016161472533519,0.38096424128806194,0.3335964964991208,0.20718659955335428,0.08565704630929807,0.604805558751078,0.24448479090350098,0.12089892461865387
1.83,0.07442810345248871,0.2924035236069675,0.342871893623643,0.2077052856505125,0.09474335686016014,0.6241195807475661,0.23412917878194847,0.11991916394330077
1.835,0.07808793882617018,0.19839480822247083,0.35165525687900834,0.20770046250376345,0.10317924601233858,0.6418446943982521,0.22406602261767772,0.11876571834766969
1.84,0.08171794066603535,0.11504446677777103,0.35995328555334444,0.207188675958667,0.1109637522932994,0.6580053343911512,0.2143218478855066,0.11744659690221798
1.845,0.08570667750821523,0.06302758498773675,0.3677737838668308,0.20618658708846777,0.12226126728491227,0.672635250127258,0.2049214538356924,0.1159701055046165
1.85,0.0888068875797288,0.10132812587032011,0.37512530543692724,0.20471078479236832,0.13295117016608082,0.6857760422076397,0.19588786544240686,0.11434474654412713
1.855,0.09102175572685273,0.18409807463189512,0.3820168421761648,0.2027776283206977,0.14281669328459493,0.6974757210935463,0.18724230018084498,0.11340444886889166
1.86,0.09241037187417697,0.26974924165403824,0.3884575560353078,0.20040311822194168,0.1518563293990006,0.707787321606975,0.17900414935535447,0.11282293340708993
1.865,0.09373186058685862,0.3483413091788572,0.39445655095137666,0.19760279367759853,0.16007188549913487,0.7167675996257845,0.17119097354879828,0.11203402907010196
1.87,0.095907012914307,0.41937721267610745,0.4000226816829122,0.19439165385657955,0.1674679460954479,0.7244758303400685,0.16381851156798977,0.11104396991184269
1.875,0.09742564340000151,0.48284757923028576,0.40516439584251174,0.19078410075184882,0.17405135209073838,0.7309727209876069,0.15690070203675505,0.109859121289968
1.88,0.09839415660983297,0.5390899658000796,0.4098896053012215,0.18913071559111425,0.17983070474148338,0.7363194452312849,0.1504497165557402,0.1084859476430426
1.885,0.09891324009098908,0.5886547319767068,0.4142055831802615,0.18741860459274964,0.1848159020405255,0.7405768013843923,0.1444760031263913,0.10693099231041858
1.89,0.09907258687574232,0.6321967285116113,0.4181188828114566,0.18529165902391506,0.1890177128189946,0.7438044925866664,0.13898833834397384,0.10520086853926414
1.895,0.09894875975321353,0.6703979465800739,0.4216352752968777,0.1833300318762151,0.1924473920247827,0.7460605237952458,0.13571449087053883,0.10330226040934398
1.9,0.09860512089521285,0.7039180738985213,0.42475970259786133,0.18251913125287783,0.1951163390279726,0.7474007080500886,0.13630878491340592,0.10124193207605447
1.905,0.09809292056114939,0.7333666496336273,0.42749624340929226,0.1812995042001282,0.19703579945623678,0.7478782728390057,0.13702929959702145,0.09902674349929516
1.91,0.09745290236157372,0.7592902648473092,0.42984808940908065,0.1796828539632512,0.1982166099859019,0.7475435564347492,0.13786832918333886,0.09666367069775189
1.915,0.09671702560314879,0.7821693635026938,0.4318175298032336,0.1776803707187272,0.19866898470319833,0.7464437837022315,0.13881826197383818,0.0944621850676845
1.92,0.0959100868747291,0.8024206437648675,0.43340594240622854,0.17530272834329397,0.1984023410890916,0.7446229109689184,0.13987157345827939,0.09290939585773708
1.925,0.09505114211201356,0.8204023587677397,0.4346137898005289,0.17256008963508884,0.19742516334493937,0.7421215300091194,0.14102081361507415,0.091270115568993
1.93,0.09415470062419615,0.8364208144174425,0.4354406194064918,0.16946211852255674,0.19574490063419375,0.7389768219147541,0.14225859011943565,0.08954700366074687
1.935,0.09323169968857817,0.8507370609342191,0.4358850665649784,0.16601799804794395,0.193367897834,0.7352225525249072,0.14357754910143486,0.08774283446481361
1.94,0.09229028506465808,0.8635732335198495,0.43594485999129456,0.1622364531381884,0.19029935653610222,0.730889102091701,0.14497035495987382,0.08802230812146235
1.945,0.09133642800935457,0.8751182828546722,0.43561682920322786,0.15812577737476874,0.18654332427678233,0.7260035229127696,0.14642967058640016,0.08928417983712111
1.95,0.09037440868457351,0.8855330046726507,0.43489691376086465,0.15369386314461214,0.18210271028110225,0.7205896197165542,0.14794813919309172,0.09051430119809617
1.955,0.08940719251761309,0.8949543713492369,0.433780174385043,0.14894823469612883,0.1769793263510207,0.7146680486133185,0.1495183687703053,0.09170416003675849
1.96,0.08843672189710407,0.9034992160711043,0.4322608062481721,0.14389608373803423,0.17117395188664708,0.7082564313997975,0.1511329200334271,0.09284528871697162
1.965,0.08746414146352383,0.911267340575334,0.4303321549593314,0.13854430730421247,0.16468642238429262,0.7013694829140937,0.15278429854998915,0.09392935444591191
1.97,0.08648997158022986,0.918344122511963,0.42798673599857817,0.13289954766620254,0.15751574108554525,0.6940191499707773,0.154464951574323,0.09494824221041451
1.975,0.08551424147574138,0.9248026954348083,0.42521625859660916,0.12696823410677888,0.14966021374115168,0.686214761158736,0.15616726995670716,0.09589412853763218
1.98,0.08453659102526168,0.9307057675378397,0.42201165530854534,0.12075662637485601,0.1411176066856616,0.6779631874525409,0.1578835953383298,0.09675954452271449
1.985,0.0835563481261719,0.9361071369639947,0.41836311879742094,0.11427085962525407,0.131885328577116,0.6692690141684918,0.15960623269245922,0.0975374268600761
1.99,0.08257258703722438,0.9410529531399244,0.4142601476262328,0.10751699060927744,0.12196063622378431,0.6601347252846633,0.1613274681258915,0.0982211559529364
1.995,0.08158417181399573,0.9455827657931721,0.4096916031585058,0.10050104482719617,0.1113408648793681,0.6505609015333795,0.16303959171326904,0.09880458054949512
2.0,0.08058978801242073,0.9497303963680503,0.40464577998629475,0.09322906428688357,0.10253130408814265,0.6405464339549755,0.1647349250011248,0.1000647042719704
2.005,0.07958796508799898,0.9535246605438434,0.399110492639278,0.08780546260867683,0.09423096798936496,0.6300887547601741,0.16684323175565874,0.10350079850106186
2.01,0.07857709134197627,0.9569899654358247,0.39307318167403965,0.08561177860585593,0.08536336910714143,0.6191840873681067,0.17052268474075244,0.10681053292051573
2.015,0.07755542281888894,0.960146800736706,0.3865210425890161,0.08422423766943095,0.07592545627623214,0.6078277173475684,0.17431293821847055,0.1099760716973293
2.02,0.07652108721214688,0.9630121394258498,0.3807199234942095,0.08268212482752077,0.068402221411953,0.5960142856678909,0.17820313401192078,0.11375090512705287
2.025,0.07547208356241708,0.9655997606267812,0.3765091907612827,0.08215073104085047,0.0685672521289693,0.5837381051390755,0.18218244680578893,0.11770669232086675
2.03,0.07440627831940116,0.9679205046282691,0.371910578789624,0.0851217622375342,0.06985280064669741,0.5709935001665627,0.18624010334645105,0.12148389494235647
2.035,0.07332139816732923,0.9699824679091995,0.3669153158081247,0.08994442803863585,0.07101776634241497,0.5577751689470121,0.19036539720902462,0.12505994253416175
2.04,0.07221501987752797,0.9717911441424933,0.36151475464141575,0.09817392140845961,0.07205228999498463,0.5440785659803684,0.19454769862909563,0.12841257988678634
2.045,0.07108455733969235,0.9733495155290127,0.35570045074385415,0.10639001251406197,0.07294636497396204,0.5299003012776495,0.19958115657802467,0.13151996981371195
2.05,0.06992724583094773,0.9746580973685359,0.35012821681881773,0.11457213542730298,0.07634438380595243,0.5152385509322676,0.2072058315847844,0.13436080152896268
2.055,0.06874012350392816,0.9757149374590437,0.3465137084578857,0.12269780949063011,0.08539818344206371,0.5000934718512889,0.21500054425955115,0.1369144043251937
2.06,0.06752001000877306,0.9765155706815902,0.34261039593453235,0.13127390748917672,0.09525205516419077,0.4844676115009746,0.22294324472226407,0.13916086616169238
2.065,0.0662634821071395,0.9770529279346352,0.3384136100050308,0.14254578078444352,0.10904023238487522,0.46836630163273507,0.23101155035888588,0.14108115668798904
2.07,0.06496684608814435,0.977317197391601,0.33391830547297013,0.15371034812642748,0.12940165656504998,0.451798023280799,0.23918281768698596,0.14265725413579408
2.075,0.06362610675682062,0.977295634834304,0.32911889096743363,0.1647304485670688,0.150229820350854,0.4347747290487385,0.24743422025752398,0.1438722753938383
2.08,0.06223693273675423,0.9769723185316737,0.3240090548607303,0.17556654532039112,0.17147758704810886,0.4173121080307123,0.25574283294212286,0.14471060842177025
2.085,0.06079461781321377,0.976327842759898,0.31858160598003826,0.18617697705943148,0.19309318510189724,0.39942977884027,0.2640857230629703,0.14515804594898113
2.09,0.059294038046527865,0.9753389425739073,0.3128283541737774,0.19651832404490555,0.21502049084827685,0.38115139730688885,0.27244004889857887,0.14520191913628866
2.095,0.05772960441567086,0.9739780408253992,0.3067400615951943,0.2065458983314488,0.23719943352453618,0.36250466754543365,0.28078316611934095,0.14483122955484973
2.1,0.05634967768483736,0.972212706676389,0.3003064994962268,0.2162143605883084,0.25956651962597377,0.34352124831070074,0.2890927426485872,0.14403677746833232
2.105,0.055466622487750084,0.9700050129965494,0.2935166458648504,0.22547845669011127,0.28205546792584535,0.3242365507068501,0.2973468822869468,0.14281128401123108
2.11,0.055292243060392175,0.96731077810683,0.2863590548606968,0.2342938555197117,0.3045979406611502,0.304689428196359,0.30552425716423504,0.1411495044664312
2.115,0.055565465970196605,0.9640786754414207,0.278822418549881,0.24261805632519848,0.3271243510144611,0.2849217650997274,0.31360424868590364,0.13904832949343934
2.12,0.055825159709295344,0.9602491930245451,0.2708963245847823,0.25041132108883535,0.34956472257924087,0.26497797497102427,0.32156709612242473,0.13650687088375574
2.125,0.05606910463831917,0.9557534234976619,0.26257219113935226,0.2576375768374615,0.37184957341096764,0.24490442492029507,0.3293940513647349,0.13352652826108968
2.13,0.05629456719724166,0.9505116652664746,0.2538443349740429,0.2642652270039411,0.39391079584313127,0.22474880570678596,0.3370675376654474,0.13011103313822361
2.135,0.05649819721142803,0.9444318169108169,0.24471110365460308,0.27026781189064997,0.4156825036205076,0.20455946991039692,0.3445713094460935,0.12626646691965496
2.14,0.05667590351615783,0.9374075514417612,0.23517598311373772,0.27562446714886074,0.4371018200151466,0.1843847615033019,0.3518906095288189,0.12200124982041982
2.145,0.056822704107194824,0.9293162659660181,0.22524858117883031,0.2803201457364224,0.4581095842053571,0.1642723596518088,0.35901231950865503,0.11732609826495946
2.15,0.056932546882464546,0.9200168182325084,0.21494538943824373,0.2843455911940681,0.47865095793374185,0.14426865770458386,0.36592509848465044,0.11225394912928469
2.155,0.056998097314167925,0.9093470877633119,0.20429024085816955,0.28769707500313435,0.4986759198526837,0.12441819532689322,0.3726195050767838,0.10679985017326837
2.16,0.057010490419550336,0.8971214403809732,0.19331440738168068,0.29037593416572177,0.5181396405349381,0.10476315797024939,0.37908809762355555,0.10098081714024314
2.165,0.05695904670123259,0.8831282368398274,0.18262172183286332,0.2923879630139568,0.5370027364400464,0.08534295370666702,0.3853255077199387,0.0948156592263596
2.17,0.0573761466053445,0.8671276160509923,0.17563049707507367,0.29374272272469626,0.5552314058453376,0.07110307137479549,0.3913284828341652,0.08832477587806703
2.175,0.05795170536326613,0.8488499086107609,0.1683393838463622,0.2944528319925436,0.572797453652357,0.06746508525831744,0.39709589462754524,0.08152992908923959
2.18,0.058473885588608734,0.8279952030870137,0.16079073689232504,0.29453329369218906,0.5896782149653044,0.06373733285238006,0.4026287107609675,0.07445399646173709
2.185,0.058924711272460316,0.8042347964936685,0.15634126460522346,0.29400089767477827,0.6058563894100377,0.05993013670474516,0.40792992934547256,0.06712071118740381
2.19,0.05928206704660039,0.777215499979538,0.1531699799055808,0.29287372249392696,0.6213197993987991,0.056054473881536296,0.41300447669966245,0.05955439573596913
2.195,0.05976845168250232,0.7465680063065545,0.15487954854339295,0.2911707422032205,0.6360610860690241,0.05345103332064005,0.4178590706131647,0.05292995196449204
2.2,0.06103113162184934,0.711920685403479,0.15904538275453944,0.28891153097051603,0.6500773565724509,0.056706289815971214,0.4225020527733291,0.050100084768233376
2.205,0.06270924849085865,0.6729201357217555,0.1664303457810918,0.28611604948270997,0.6633697958958076,0.06399505860541274,0.4269431952836774,0.047701463563426826
2.21,0.06520701289144619,0.6292594064034429,0.17348716501502212,0.28280449313532674,0.6759432555722276,0.07404088063923862,0.4311934871928819,0.04514388445417079
2.215,0.0675715560018341,0.58071381571885,0.18005765408957927,0.27899718206904234,0.6878058305872188,0.08969624503325838,0.4352649075921514,0.04243392655054225
2.22,0.06974289509096016,0.5271825757233739,0.1870426256673534,0.27732520400115346,0.6989684345688594,0.1049084836160959,0.43917019208987723,0.03957875138028227
2.225,0.07165668092223641,0.4687320434955554,0.19711578681518652,0.27770960500032504,0.7094443820375969,0.11967722602395549,0.44292259933493594,0.03883677796316533
2.23,0.07324833597226404,0.4056337910157033,0.20657204177520727,0.2778717312921375,0.7192489851251852,0.13400428637278047,0.44653568376975533,0.038013360241965666
2.235,0.07531935272558446,0.33838873930992386,0.21541166005475143,0.27741462009659834,0.7283991707968789,0.1478933995567262,0.45002308001614505,0.03709789694088355
2.24,0.07851587639143406,0.267728576516527,0.22363622536791355,0.2763583260572431,0.7369131232641861,0.161349961317117,0.4533983033159973,0.03728604486823921
2.245,0.08128298874946374,0.19458856709906086,0.23124845621688916,0.2747243612822251,0.7448099549916316,0.1743807763088061,0.4566745693584512,0.04185838576657515
2.25,0.083570303407316,0.12922268565985562,0.2382520428081372,0.27253522037670785,0.752109408510453,0.186993817555275,0.459864635715369,0.046333179532505125
2.255,0.08534781752971321,0.08111058633758894,0.2446514972869315,0.26981397101369087,0.7588315901797396,0.1991979998923436,0.46298066605607213,0.050702377930250564
2.26,0.08742466917319514,0.061487829198216784,0.2504520157657725,0.26658391021357036,0.7649967360994672,0.21100296926924822,0.4660341173801,0.057781011533529804
2.265,0.08973198543483632,0.10682473384251898,0.2556593517160112,0.26286828393913875,0.7706250095909315,0.22241890911714757,0.4690356497319589,0.06617809442975513
2.27,0.09151048202090797,0.16973285688334522,0.2602797009911858,0.25869006582936327,0.7757363290216637,0.23345636441711504,0.4719950572625389,0.07449418112791319
2.275,0.09279168851567614,0.2354021786576977,0.2643195991096575,0.2540717897614665,0.7803502242605224,0.24412608360654325,0.4749212190781162,0.08271796043776648
2.28,0.09361932640853478,0.29711802969914675,0.267785831520156,0.24903543031570397,0.7844857196950807,0.25443887805501675,0.47782206805580796,0.09083892918718768
2.285,0.09465930322914981,0.3546101766970322,0.27068535748637984,0.2436023249992745,0.7881612415141329,0.2644054985153886,0.4807045756809148,0.09884731953477588
2.29,0.09634846981080972,0.40778114879139643,0.2730252480263391,0.2377931321578976,0.7913945468367682,0.27403652770746123,0.48357475094871316,0.1067340286711194
2.295,0.09765020508367664,0.45667260347471583,0.2748126380847261,0.23162781877526012,0.7942026722383233,0.2833422880130626,0.4864376514417629,0.11449055268457972
2.3,0.09861151078427535,0.501430087420761,0.2760546928428677,0.22512567275831968,0.7966018992647612,0.29233276314375617,0.489297404815974,0.12210892595771917
2.305,0.09927761663285367,0.542270414589548,0.2767585878071786,0.2183053347728689,0.7986077346237341,0.3010175325769259,0.49215723908041065,0.12958166708097923
2.31,0.09969052661400934,0.5794539895332762,0.27693150207846207,0.21118484518590253,0.8002349028772549,0.3094057175332852,0.49501952021733936,0.13690173192581556
2.315,0.09988821146882132,0.6132629017741391,0.2765806239973516,0.20378170215859082,0.8014973496241679,0.31750593728038745,0.4978857958455032,0.1440624742119001
2.32,0.09990428851234331,0.6439846207672596,0.2757131681863152,0.19611292739602584,0.8024082533390284,0.32532627458436636,0.500756843770874,0.15105761363155276
2.325,0.09976804001882655,0.671900577569991,0.2743364028633228,0.18819513648551664,0.8029800442185452,0.3328742491889539,0.5036327243892855,0.157881211357697
2.33,0.09950464662115777,0.6972787085869716,0.2724576861822493,0.18004461113894554,0.8032244285701333,0.34015679827061795,0.50651283600214,0.164527652557225
2.335,0.09913554154137436,0.7203690342500078,0.2700845102559918,0.17167737099620362,0.8031524174541926,0.34718026289644666,0.509395972180475,0.17099163535800982
2.34,0.09867881878107526,0.7414014521262582,0.2672245514364201,0.16310924294928766,0.8027743584586227,0.3539503795929959,0.5122803803669062,0.17726816557351843
2.345,0.09814965090413486,0.7605850726630801,0.26388572535822036,0.15435592621578587,0.802099969638488,0.36047227621656297,0.5151638209437754,0.18335255637344822
2.35,0.09756068913851917,0.7781085771369372,0.2600762452005119,0.14543305163328768,0.8011383747942719,0.3667504713957247,0.5180436260243928,0.18924043200174434
2.355,0.09692243071568077,0.7941412117334165,0.2558046815814139,0.13635623387023357,0.7998981393882683,0.3727888768937919,0.5209167572481677,0.19492773458498464
2.36,0.09624354659032286,0.80883414181939,0.2510800224785312,0.12714111546147933,0.7983873065105107,0.37859080231078357,0.5237798618849738,0.20041073304457035
2.365,0.09553116792644253,0.8223219760251181,0.24591173156572654,0.12165139144351966,0.7966134324037351,0.3841589616109662,0.5266293265840603,0.20568603312553307
2.37,0.0947911328596772,0.8347243336205811,0.24030980337744884,0.11613706897731428,0.79458362114208,0.3894954810224498,0.5294613281419187,0.21075058758248527
2.375,0.09402819673291031,0.8461473748378561,0.2342848137604768,0.11051435566728277,0.7923045581316301,0.39460190790976507,0.532271880714452,0.2156017056181806
2.38,0.0932462097569742,0.8566852462371939,0.22784796415323771,0.1047910850973309,0.7897825421635799,0.39947922026881694,0.535056878962811,0.22023706075018096
2.385,0.09244826622764177,0.8664214154064795,0.22101111834813383,0.09897499945349825,0.7870235158039703,0.4041278365364456,0.5378121366994475,0.22465469638328772
2.39,0.09163682927578984,0.875429884028273,0.21378683054469685,0.09490397919210436,0.7840330939487952,0.40854762544437195,0.5405334206899739,0.22885302848573413
2.395,0.09081383479778476,0.8837762778109419,0.20618836369127508,0.09219222435179031,0.7808165904108367,0.41273791568004475,0.5432164793650286,0.2328308449009376
2.4,0.08998077780735693,0.8915188175755395,0.19822969733872928,0.09174998391245795,0.7773790424360161,0.41669750514535614,0.5458570663013169,0.23658730096863245
2.405,0.08913878402842357,0.8987091790923201,0.18992552448740538,0.09256685496263697,0.7737252330732094,0.4204246696288533,0.5484509584385109,0.24012191127376592
2.41,0.08828866914436562,0.9053932509067395,0.18129123719209533,0.09577313587542546,0.7698597113433148,0.4239171707285537,0.5509939691047673,0.24343453748312147
2.415,0.08743098775049615,0.9116117999697827,0.17584387384378763,0.0988332597834615,0.7657868101716191,0.42717226288127874,0.5534819560241554,0.2465253723628658
2.42,0.08656607372997578,0.9174010547945334,0.170486278759954,0.10173893423477298,0.7615106620629004,0.4301866993711116,0.5559108245706158,0.24939492019045612
2.425,0.0856940734903568,0.9227932153727689,0.16922582059900068,0.10448217459077105,0.7570352125118671,0.4329567372047376,0.5582765266120537,0.2520439738776913
2.43,0.08481497325604292,0.9278168983833528,0.16788177912521163,0.10787068518526444,0.7523642311529504,0.4354781407555274,0.5605750553523541,0.25447358920540103
2.435,0.08392862140739812,0.9324975254260336,0.16645403129219893,0.11568254004456219,0.7475013206636685,0.4377461840918558,0.5628024366269839,0.25668505663257835
2.44,0.08303474668553293,0.9368576611943374,0.1649421989470243,0.12443563001844261,0.7424499234451383,0.4397556519188168,0.5649547171387539,0.25867987118322433
2.445,0.08213297293842822,0.9409173077044448,0.16334567589862153,0.1329243825930025,0.7372133261122147,0.4415008390767234,0.5670279501344573,0.2604597009333067
2.45,0.08122283096476712,0.9446941599487801,0.16166366120004044,0.14113172002787905,0.7317946618344586,0.4429755485551631,0.5690181790215582,0.26202635461964185
2.455,0.080303767912824,0.9482038276560874,0.16183846024671333,0.1490409623533575,0.726196910578021,0.4441730879984013,0.5709214194085686,0.2633817488745146
2.46,0.07937515460965125,0.95146002721855,0.16364612939798567,0.15663588075504054,0.7204228973077704,0.4450862646972475,0.5727336400254783,0.26452787555745383
2.465,0.0784362911277451,0.9544747472904367,0.16538748154722535,0.1639007463111988,0.7144752882189107,0.4457073790846634,0.5744507429442371,0.2654667696120754
2.47,0.07748641083991603,0.9572583910683439,0.16705255185839085,0.17082037426451316,0.7083565850780863,0.44602821677811044,0.5760685434766614,0.2662004778248212
2.475,0.07652468316620877,0.9598198978251795,0.16863171623650214,0.17738016431785913,0.702069117765892,0.44604003924158314,0.5775827500811235,0.2667310288071871
2.48,0.07555021517769489,0.9621668458827402,0.17311436552307574,0.18356613772831062,0.6956150351259744,0.4457335731752129,0.5789889445628041,0.26706040446687707
2.485,0.07456205218940667,0.9643055388649955,0.18122544353774342,0.18936497221895043,0.6889962942409202,0.4450989987811166,0.5802825628077292,0.2671905131791323
2.49,0.07355917744741886,0.9662410767701093,0.18997859104663223,0.19476403592007613,0.682214648272081,0.4441259371016764,0.5814588762505979,0.267123164819673
2.495,0.07254051099217222,0.9679774131281065,0.19872864257394374,0.19975142167749535,0.6752716330198771,0.4428034366817056,0.5825129742425006,0.2668600477771933
2.5,0.07150490776079282,0.9695173992678002,0.20840210622588617,0.20431598311591478,0.6681685523833156,0.44111995987001895,0.5834397474585952,0.26640270802754173
2.505,0.07045115497476503,0.9708628164962206,0.2203480474978047,0.20844737381277198,0.6609064629229736,0.439063369149997,0.5842338724688392,0.26575253032448065
2.51,0.0693779688453564,0.9720143967920364,0.23229485442161732,0.21213609081827722,0.6534861577610909,0.43662091397399183,0.5848897975877205,0.26491072154362577
2.515,0.06828399061728382,0.9729718324272429,0.24422192384502855,0.21537352355002304,0.6459081500863535,0.4337792186742583,0.5854017301219907,0.2638782962067709
2.52,0.06716778196093981,0.9737337747551138,0.256108665214352,0.21815200879775026,0.6381726565701225,0.4305242721347467,0.5857636251486382,0.26265606421286614
2.525,0.06602781971485627,0.974297822233661,0.267934500540977,0.22046489220132942,0.6302795810460646,0.4268414200349699,0.5859691759784426,0.26124462080867783
2.53,0.06486248997283423,0.9746604975895496,0.2796788673334544,0.22230659612161685,0.6222284988572313,0.42271536062044135,0.5860118064926709,0.2596443388456259
2.535,0.06367008150424584,0.9748172138647418,0.2913212263690618,0.22367269332176165,0.6140186423344292,0.41813014511494717,0.5858846655808423,0.2578553633882146
2.54,0.06244877849145887,0.9747622289243869,0.3028410761133717,0.2245599853314469,0.6056488879381596,0.4130691840689219,0.5855806239546328,0.25587760876250765
2.545,0.06119665256523323,0.9744885878373114,0.31421797546521857,0.2249665837979073,0.5971177456741803,0.40751526113566794,0.5850922736652963,0.25371075815871386
2.55,0.05991165411753606,0.9739880523676141,0.32543157630597097,0.22489199255898062,0.5884233514806345,0.40145055598267254,0.5844119307074849,0.251354265928596
2.555,0.05859160287181542,0.9732510166355504,0.3364616670642092,0.22433718763299246,0.5795634633829476,0.394856678277293,0.5835316411488713,0.24880736274442142
2.56,0.057234177693862714,0.9722664078165135,0.34728822816731914,0.223304691840608,0.5705354623214942,0.38771471493179055,0.5824431912799621,0.24606906380988477
2.565,0.0563302465239586,0.9710215705476068,0.35789149983865903,0.2217986403917366,0.5613363586756277,0.38000529304730024,0.5811381223292753,0.2431381803331891
2.57,0.05555027749019512,0.969502133501781,0.3682520622134382,0.21982483352601345,0.5519628056348701,0.37170866125283125,0.5796077503326871,0.2400133344866244
2.575,0.05498082829572082,0.9676918563707417,0.37835092719370467,0.21739077222880812,0.5424111207011527,0.36280479238354557,0.5778431917792549,0.236692978084027
2.58,0.05510590226160887,0.9655724552721985,0.38816964085489347,0.21450567319375824,0.5326773167412404,0.35327351066861035,0.5758353956761714,0.23317541520600804
2.585,0.055215039059498754,0.9631234043692075,0.39769039457455585,0.21118045959720777,0.5227571441398424,0.3430946467844065,0.5735751826797834,0.22945882899163972
2.59,0.055307175118913934,0.9603217112670388,0.40689614240956207,0.20742772490577296,0.5126461457233717,0.33224822425024014,0.571053291925192,0.2255413127934214
2.595,0.05538109731496806,0.9571416635482599,0.4157707216428204,0.20539003208110068,0.5023397262206628,0.3207146806711998,0.5682604361514554,0.22142090585916005
2.6,0.05543542577068115,0.9535545436374939,0.42429897290353574,0.2038359727823411,0.49183323808590895,0.30847512723043047,0.5651873656610324,0.21709563365958695
2.605,0.0554685941669791,0.9495283090798313,0.43246685588884426,0.20402746122798213,0.4811220855122822,0.2955116495579402,0.5618249415693958,0.21256355292401255
2.61,0.05547882724773767,0.9450272353083241,0.4402615565286879,0.20437125979285367,0.470201848389959,0.28180765260624563,0.558164218692843,0.20782280137832998
2.615,0.055464115179119755,0.9400115181187105,0.4476715814791144,0.20436955792205724,0.45906842778301626,0.26734825139063184,0.5541965382888896,0.20287165210043653
2.62,0.055422184399477895,0.9344368334356663,0.45468683612301297,0.20402011345623167,0.4477182141860172,0.25212070834739014,0.5499136307039586,0.19770857231789138
2.625,0.05535046458289013,0.9282538526429589,0.4612986827998001,0.20332136619256191,0.43614827934042844,0.23611491657239575,0.5453077277970759,0.19233228637119604
2.63,0.055246051342786,0.9214077128927616,0.4674999767491831,0.20227254666195787,0.4243565917105642,0.21932392627820685,0.5403716847953796,0.18674184245286873
2.635,0.05510566433193731,0.9138374435833907,0.47328507818729615,0.20087377424720448,0.41234225480845993,0.20174450941972177,0.535099110996363,0.1809366826060416
2.64,0.05492560046525064,0.9054753528311944,0.478649839965861,0.19912613987770927,0.40010576639464457,0.18337775458256594,0.5294845084612818,0.17491671532463224
2.645,0.054701682121623615,0.8962463815587902,0.483591571316265,0.19703176938202366,0.38764929515845936,0.16422968093999346,0.523523417541817,0.16868238993749146
2.65,0.05481068377423802,0.886067438153181,0.4881089791703308,0.19459386470771906,0.37497696980971,0.1443118564512182,0.5172125677454725,0.1622347717786356
2.655,0.05505970244875799,0.8748467339728402,0.4922020894077582,0.1918167215218033,0.3620951736346591,0.12573301775710774,0.5105500320724237,0.1555756169428381
2.66,0.055276574180368174,0.8624831498438286,0.4958721510543148,0.18870572306140296,0.3490128355621871,0.10960187706268675,0.5035353825471502,0.14870744520057286
2.665,0.05545613249116357,0.8488656766844624,0.49912152691455586,0.1852673113939023,0.33574170677222437,0.09284672557364157,0.4961698442249389,0.14163360940243988
2.67,0.05559234506362748,0.8338729901475319,0.5019535743610456,0.18150893836495538,0.3222966100251738,0.07681642900421608,0.48845644448363706,0.1343583594498378
2.675,0.055678188336287425,0.8173732401832539,0.5043725200321955,0.17743899938647673,0.3086956474065097,0.07400587237337339,0.4804001539293856,0.12688689866194333
2.68,0.055705513379832164,0.7992241619354161,0.5063833320419879,0.1730667538025587,0.29496035130226905,0.08060457449723665,0.472008014774645,0.11922543015302473
2.685,0.0563733529364935,0.7792736440312384,0.5079915930158332,0.16840223586023484,0.28111576339335714,0.08932890939828837,0.4632892521217079,0.11138119068089841
2.69,0.057143883299724,0.7573609227157709,0.5092033768799873,0.16345616032362395,0.2671904274995287,0.10203227073474383,0.4542553632503961,0.103362469375421
2.695,0.05786008529667916,0.733318602353938,0.5100251318883702,0.15823982654530194,0.25321628437541077,0.11466004150425353,0.44492017982114995,0.095178608846997
2.7,0.058508399396434735,0.7069757290844637,0.5104635719062907,0.15276502440154086,0.23922846011603827,0.12716115902553393,0.4352998979287077,0.08683998644839883
2.705,0.05907319330280625,0.6781621561424112,0.5105255775144345,0.14704394496698558,0.22526494458667173,0.13948458876812678,0.42541307124431915,0.07835797394878756
2.71,0.05953671416007792,0.6467144241010279,0.5102181080697292,0.14108909820586021,0.21136616201264138,0.15204308621208387,0.4152805631272038,0.06974487458920733
2.715,0.06073481869931342,0.6124833210608299,0.5095481254761753,0.1349132393405215,0.19757444215658637,0.17064884992875207,0.40492545461287355,0.061013837412024256
2.72,0.06198612370137717,0.5753431690205526,0.5085225300858522,0.1285293049638136,0.1839334068533234,0.192056652559927,0.3943729066105292,0.05217874985070159
2.725,0.06310893959228807,0.5352026883283848,0.5071481088704304,0.1219503594182167,0.1704872924764864,0.21732542089638648,0.3836499764350434,0.04398623366979317
2.73,0.06407589930764392,0.4920170172237306,0.5054314957751954,0.11518955149059673,0.15728023358894522,0.2422645411759888,0.37278539088032636,0.03885658499793381
2.735,0.0664048364373944,0.4458001227696909,0.5033791439868303,0.11082905048076486,0.14435553607964036,0.26677719952947326,0.3618092802763783,0.03781034495478607
2.74,0.0689496250673943,0.3966364769240978,0.5009973097073732,0.10652442181978256,0.13175496917148666,0.2907708191251729,0.3507528801826299,0.03841760311835084
2.745,0.07131814696504402,0.34469056423644706,0.4982920469234291,0.10469623145494289,0.11951810466986515,0.3141583731562139,0.33964820934890405,0.03892675593681745
2.75,0.07457633744911568,0.29021263748134773,0.49526921258498224,0.10432221444433007,0.10768172881216818,0.336859513172845,0.3285277341154702,0.03958818706407438
2.755,0.07800185772141141,0.23353924550957372,0.4919344815553107,0.10378336056176682,0.09627934739455646,0.35880147892317193,0.31742403034904976,0.04328993598474706
2.76,0.08117034865751371,0.1750874849365868,0.48829337065594225,0.10308400613399943,0.08534079897668624,0.37991976876731876,0.30636945420552864,0.0469000973851906
2.765,0.08404382522516307,0.12354051394094576,0.4843512711022394,0.10222859256023481,0.07489198447719783,0.4001585630498306,0.2953958324362751,0.050410050468337776
2.77,0.086590717142703,0.08944015668241445,0.48011348860050207,0.10122163484335439,0.06803075327154864,0.4194709054432434,0.28453418166440914,0.05381208445831031
2.775,0.08878737482665335,0.06135906190037736,0.475585290351509,0.10272527006732915,0.06239576370993778,0.4378186582906317,0.2738144641810306,0.058264306283054436
2.78,0.09061900724071352,0.08173984320810093,0.47077195817411244,0.10509978760370989,0.05743000583895269,0.4551722567245558,0.2632653855389992,0.06478030617858896
2.785,0.09207997226981646,0.12674697501744225,0.4656788469225899,0.10732582997363199,0.0526972017233163,0.4715102924756528,0.252914236772249,0.0727384763917504
2.79,0.09317342916322832,0.18362292651720832,0.4603114473208589,0.10940105314528303,0.04820341693554812,0.4868189617491867,0.24278678165889345,0.08054943776256336
2.795,0.09391044254147227,0.23979734114350773,0.45467545227436945,0.11132307408035283,0.04662792114037562,0.5010914125315385,0.23290718726397733,0.08820338597010009
2.8,0.09531063058212914,0.2937724924811018,0.4487768256470114,0.11486820322249067,0.04588119793190089,0.5143270255587076,0.22329799418216145,0.09569129557469805
2.805,0.09696445531126746,0.34526894093719007,0.4426218724075486,0.11882210227025837,0.04520420809361342,0.5265306604082337,0.2139801215344055,0.10300487259285915
2.81,0.09827778537672766,0.394087401117954,0.4362173089615021,0.12258270668537953,0.04459488070388412,0.5377118942720376,0.20497290088316844,0.11013650096606975
2.815,0.09927085309047995,0.44010424658354036,0.42957033239503745,0.12614457777084048,0.04405060845258278,0.5478842764166787,0.196294132797793,0.11707918527025664
2.82,0.09996667000425546,0.48326366470398957,0.4226886872738721,0.12950228212856568,0.04356834838571509,0.5570646165635375,0.18796015977150593,0.12433033481063495
2.825,0.10038979815489926,0.5235677803856797,0.41558072857015216,0.13265039148198726,0.04314472111426078,0.5652723207642109,0.17998594948885574,0.1322346411041696
2.83,0.10056529620359968,0.5610659352472231,0.408255479242265,0.13694051025952378,0.04277610552518277,0.5725287840530904,0.17238518298440036,0.13999017271699038
2.835,0.10051786838925222,0.5958440698874028,0.40072268097536534,0.1419476464041205,0.042458726862053514,0.5788568453885263,0.1651703429384193,0.1475913752330269
2.84,0.10027121934456622,0.6280148799168158,0.392992836612402,0.1466718264262284,0.0421887367960862,0.5842803072276724,0.15835279815020958,0.1550328539331269
2.845,0.09984760009904811,0.6577091527937149,0.3850772428736801,0.15110021990805012,0.041962284755752095,0.5888235195379795,0.15194288105302028,0.16230929134327338
2.85,0.09926751993172774,0.6850684726514571,0.37698801208265564,0.1552200907090759,0.04177558031130163,0.5925110261046891,0.14594995593982368,0.1694153648637058
2.855,0.0985495940146447,0.7102393162643417,0.3687380817890482,0.15901887792024305,0.0416249468186505,0.5953672695929938,0.14038247632243883,0.1763456652252377
2.86,0.09771049644127333,0.7333684540830835,0.36034121140655945,0.1624842818345475,0.042244821336469576,0.5974163508929979,0.13524803052742046,0.18309461667916777
2.865,0.09676499069705842,0.7545995075430175,0.35181196525689473,0.16560435381359717,0.04295167765488806,0.5986818377359037,0.13055337523070737,0.1896564000497894
2.87,0.09572601358694455,0.7740704864531842,0.3431656817262291,0.1683675888231409,0.0435652562337685,0.5991866173422198,0.12630445714826344,0.19602488004112562
2.875,0.09460479311626038,0.7919121272065236,0.3344184285832171,0.17076301933823035,0.04487162298303736,0.5989527878743159,0.12250642353681797,0.20219353846552063
2.88,0.09341098519161198,0.8082468645004713,0.32558694486513706,0.17278030928537447,0.04646001383034308,0.5980015836519618,0.11916362252600529,0.20815541532068293
2.885,0.0921528179086484,0.8231882891432042,0.3166885700950173,0.17440984669739232,0.04804373790182931,0.5963533293960794,0.11627959461012226,0.21390305985097513
2.89,0.09083723546569858,0.8368409674186215,0.3077411619316178,0.17564283380626627,0.04962223084244545,0.5940274191483277,0.1138570568822601,0.21942849385434904
2.895,0.0894700363593369,0.8493005202624206,0.29876300366056996,0.176471373386938,0.05119515664040683,0.5910423159372595,0.11189788179978832,0.22472318950572864
2.9,0.08805600252854323,0.8606538813824578,0.2897727031953714,0.17688855028476022,0.0527623912634905,0.5874155686989571,0.11040307242697031,0.22977806383213623
2.905,0.08659901760317221,0.8709796715974272,0.2807890854608418,0.17688850720322646,0.05432400643279262,0.5831638433917468,0.109372736201198,0.23458349167296344
2.91,0.08510217347568577,0.8803486418306696,0.27183108017185553,0.17646651398728766,0.055880253552603544,0.5783029656571619,0.10880605930236804,0.23912933848028345
2.915,0.08356786514452097,0.888824149497047,0.2629176070935596,0.1756190298011547,0.057431547793073016,0.572847972763832,0.10870128365607512,0.2434050136636001
2.92,0.0819978742539153,0.896462642760922,0.25406746087626103,0.17434375775847755,0.058978452306656534,0.5668131729220887,0.10905568845693421,0.24739954438384426
2.925,0.08039344204562843,0.9033141346960084,0.24529919750278684,0.17263969170885285,0.06052166254978705,0.5602122103721606,0.10986557784970419,0.25110166879533424
2.93,0.07875533259620343,0.9094226551246263,0.23663102427514981,0.17050715501117758,0.06206199067756809,0.5530581349271845,0.1111262760533902,0.2544999467834725
2.935,0.07708388728042355,0.914826672207411,0.22808069510997864,0.16794783122705242,0.06360034998110055,0.545363474894508,0.11283213077036272,0.257582885326585
2.94,0.07537907140829611,0.9195594790030385,0.2196654127188104,0.16496478674417148,0.0651377393438265,0.5371403125064096,0.11497652521655721,0.26033907480653806
2.945,0.07364051395191938,0.923649542479655,0.21140173903123494,0.16424225282676036,0.06675348250969088,0.5284003611664108,0.11755189858151363,0.2627573319856019
2.95,0.07186754122613268,0.9271208140469445,0.20330551498696045,0.16497877385530046,0.06918597459415178,0.5191550439620213,0.1205497742296246,0.26482684502288995
2.955,0.0700592053243385,0.9299930017590013,0.19539179058748812,0.1672283218977191,0.07170742658703663,0.5094155730114543,0.12396079454053208,0.2665373158630388
2.96,0.06821430804610513,0.9322818050468216,0.18767476586797704,0.1692181268988196,0.07431871813699384,0.4991930293027621,0.12777476100525376,0.26787909559923756
2.965,0.06633142099137565,0.93399911327895,0.18016774323214044,0.17095081768193293,0.07702087345158584,0.4884984427513367,0.13198067807849811,0.26884330896214925
2.97,0.06481934268006967,0.9351531697000858,0.1728830913923418,0.17242933515356343,0.08004231744692597,0.47734287224770616,0.13656679934785562,0.26942196485247394
2.975,0.06380819609050964,0.9357487024223967,0.16583222097602132,0.17365684177349702,0.0854637277164165,0.46573748549411487,0.14152067480253305,0.26960805073121885
2.98,0.06275530296057727,0.9357870241912412,0.15902557169824957,0.17463663087147488,0.09106693082927728,0.45369363843720395,0.1468291983289487,0.2693956096120075
2.985,0.062230883290605554,0.935266102654158,0.15247261085671443,0.17537203780001326,0.09685168104097118,0.44122295409696555,0.15247865497001356,0.26877979927362905
2.99,0.06243980480985743,0.9341806028603774,0.1461818427760373,0.17586635504476256,0.1028176817168539,0.42833740057046965,0.15845476789232243,0.26775693405745454
2.995,0.06261568684930138,0.9325219037340956,0.14128107050565214,0.17612275351752524,0.10896453253346673,0.41504936795420266,0.1647427453457143,0.266324510190367
3.0,0.06275793622280917,0.9302780903220356,0.13734227405847033,0.17614421231962973,0.11529167582493698,0.40137174388245406,0.17132732812039578,0.2644812159675263
