probe_us,shots,K,mean,sd,p2p5,p97p5,max,skill_hw,frac_null_ge_hw
0.5,100,1000,0.6525890504957165,0.046495024320201396,0.5548966382029786,0.7387348185931069,0.802830220595632,0.6448475558818985,0.584
0.5,hw_matched,1000,0.6399138156701697,0.054941676196262695,0.5194013297187491,0.7322783988290844,0.8159406105691611,0.6448475558818985,0.502
0.5,500,1000,0.6895805632679971,0.0248436690390324,0.6401162834840525,0.7328635163853366,0.7581831077251799,0.6448475558818985,0.959
0.7,100,1000,-0.04162752192813883,0.08809814731205941,-0.24477293859878163,0.09314611186314785,0.1704449834900632,0.20220933944467923,0.0
0.7,hw_matched,1000,-0.04262759817322586,0.10169662773640245,-0.2810396721928075,0.10220913360185321,0.1787743897521742,0.20220933944467923,0.0
0.7,500,1000,-0.06299696416440811,0.08125773031151674,-0.2763938043304038,0.04028737298059236,0.090547089150673,0.20220933944467923,0.0
1.8,100,1000,-0.5618222383319537,0.18484495049331456,-1.0258096207512195,-0.3068883081151211,-0.1669354821004898,-0.35211682802991207,0.077
1.8,hw_matched,1000,-0.547373419411059,0.17557140245928088,-1.0085856885862527,-0.2844737302645507,-0.1586721026279303,-0.35211682802991207,0.091
1.8,500,1000,-0.6470692343676153,0.12721691521107964,-0.9022846255223792,-0.4275391979257321,-0.35494752136149543,-0.35211682802991207,0.0
0.7,"hw_matched+det(0.01,0.05)",500,-0.04352602477183038,0.10011787956895456,-0.305412411630433,0.12010746339950004,0.20861189539651825,0.20220933944467923,0.002
0.7,"hw_matched+det(0.01,0.1)",500,-0.03904566662578312,0.10060821052687756,-0.2833497079302479,0.11172931564735475,0.22928921027658122,0.20220933944467923,0.004
0.7,"hw_matched+det(0.03,0.15)",500,-0.05135932455435582,0.1177629824807463,-0.3255561554149652,0.12019114316958442,0.19208835798870494,0.20220933944467923,0.0
